#
# There is insufficient memory for the Java Runtime Environment to continue.
# Native memory allocation (mmap) failed to map 1048576 bytes. Error detail: G1 virtual space
# Possible reasons:
#   The system is out of physical RAM or swap space
#   This process is running with CompressedOops enabled, and the Java Heap may be blocking the growth of the native heap
# Possible solutions:
#   Reduce memory load on the system
#   Increase physical memory or swap space
#   Check if swap backing store is full
#   Decrease Java heap size (-Xmx/-Xms)
#   Decrease number of Java threads
#   Decrease Java thread stack sizes (-Xss)
#   Set larger code cache with -XX:ReservedCodeCacheSize=
#   JVM is running with Unscaled Compressed Oops mode in which the Java heap is
#     placed in the first 4GB address space. The Java Heap base address is the
#     maximum limit for the native heap growth. Please use -XX:HeapBaseMinAddress
#     to set the Java Heap base and to place the Java Heap above 4GB virtual address.
# This output file may be truncated or incomplete.
#
#  Out of Memory Error (os_windows.cpp:3898), pid=3484, tid=27672
#
# JRE version: OpenJDK Runtime Environment (21.0.6) (build 21.0.6+-13355223-b631.42)
# Java VM: OpenJDK 64-Bit Server VM (21.0.6+-13355223-b631.42, mixed mode, tiered, compressed oops, compressed class ptrs, g1 gc, windows-amd64)
# No core dump will be written. Minidumps are not enabled by default on client versions of Windows
#

---------------  S U M M A R Y ------------

Command Line: --add-opens=java.base/java.util=ALL-UNNAMED --add-opens=java.base/java.lang=ALL-UNNAMED --add-opens=java.base/java.lang.invoke=ALL-UNNAMED --add-opens=java.prefs/java.util.prefs=ALL-UNNAMED --add-exports=jdk.compiler/com.sun.tools.javac.api=ALL-UNNAMED --add-exports=jdk.compiler/com.sun.tools.javac.util=ALL-UNNAMED --add-opens=java.base/java.nio.charset=ALL-UNNAMED --add-opens=java.base/java.net=ALL-UNNAMED --add-opens=java.base/java.util.concurrent.atomic=ALL-UNNAMED -Xmx2048m -Dfile.encoding=UTF-8 -Duser.country=NO -Duser.language=no -Duser.variant -javaagent:C:\Users\TheRe\.gradle\wrapper\dists\gradle-8.10.2-bin\a04bxjujx95o3nb99gddekhwo\gradle-8.10.2\lib\agents\gradle-instrumentation-agent-8.10.2.jar org.gradle.launcher.daemon.bootstrap.GradleDaemon 8.10.2

Host: AMD Ryzen 5 5600H with Radeon Graphics         , 12 cores, 5G,  Windows 11 , 64 bit Build 22621 (10.0.22621.4974)
Time: Tue May  6 13:27:06 2025 Vest-Europa (sommertid) elapsed time: 4485.846595 seconds (0d 1h 14m 45s)

---------------  T H R E A D  ---------------

Current thread (0x000001ce50de0350):  WorkerThread "GC Thread#5"    [id=27672, stack(0x0000002125900000,0x0000002125a00000) (1024K)]

Stack: [0x0000002125900000,0x0000002125a00000]
Native frames: (J=compiled Java code, j=interpreted, Vv=VM code, C=native code)
V  [jvm.dll+0x6d05a9]
V  [jvm.dll+0x85ea73]
V  [jvm.dll+0x860fce]
V  [jvm.dll+0x8616b3]
V  [jvm.dll+0x27e6e6]
V  [jvm.dll+0x6ccf45]
V  [jvm.dll+0x6c09fa]
V  [jvm.dll+0x35535b]
V  [jvm.dll+0x35cfb6]
V  [jvm.dll+0x3aec4b]
V  [jvm.dll+0x3af304]
V  [jvm.dll+0x3af3cd]
V  [jvm.dll+0x3291ec]
V  [jvm.dll+0x328f48]
V  [jvm.dll+0x317b26]
V  [jvm.dll+0x3189ba]
V  [jvm.dll+0x318ee8]
V  [jvm.dll+0x31881e]
V  [jvm.dll+0x3571ea]
V  [jvm.dll+0x357566]
V  [jvm.dll+0x3586aa]
V  [jvm.dll+0x354d6e]
V  [jvm.dll+0x365ed2]
V  [jvm.dll+0x6bb793]
V  [jvm.dll+0x6bc3e0]
V  [jvm.dll+0x31220b]
V  [jvm.dll+0x3efa15]
V  [jvm.dll+0x807186]
V  [jvm.dll+0x8110df]
V  [jvm.dll+0x36646a]
V  [jvm.dll+0x366304]
V  [jvm.dll+0x36ddc4]
V  [jvm.dll+0x36df3b]
V  [jvm.dll+0x88c754]
V  [jvm.dll+0x806e48]
V  [jvm.dll+0x6cee7d]
C  [ucrtbase.dll+0x29333]
C  [KERNEL32.DLL+0x1259d]
C  [ntdll.dll+0x5af38]

JavaThread 0x000001ce5ceed470 (nid = 13152) was being processed
Java frames: (J=compiled Java code, j=interpreted, Vv=VM code)
J 12928  java.lang.Object.wait0(J)V java.base@21.0.6 (0 bytes) @ 0x000001ce3e823f6b [0x000001ce3e823f20+0x000000000000004b]
J 30749 c2 org.gradle.internal.resources.DefaultResourceLockCoordinationService.withStateLock(Lorg/gradle/internal/InternalTransformer;)Z (218 bytes) @ 0x000001ce3e7819dc [0x000001ce3e7815a0+0x000000000000043c]
J 18082 c1 org.gradle.execution.plan.DefaultPlanExecutor$ExecutorWorker.getNextItem(Lorg/gradle/internal/work/WorkerLeaseRegistry$WorkerLease;)Lorg/gradle/execution/plan/DefaultPlanExecutor$WorkItem; (63 bytes) @ 0x000001ce382fae44 [0x000001ce382fa780+0x00000000000006c4]
j  org.gradle.execution.plan.DefaultPlanExecutor$ExecutorWorker.run()V+32
J 31090 c2 org.gradle.internal.concurrent.AbstractManagedExecutor$1.run()V (57 bytes) @ 0x000001ce3efa9fe0 [0x000001ce3efa9cc0+0x0000000000000320]
J 17110 c1 java.util.concurrent.ThreadPoolExecutor.runWorker(Ljava/util/concurrent/ThreadPoolExecutor$Worker;)V java.base@21.0.6 (187 bytes) @ 0x000001ce38164114 [0x000001ce381637c0+0x0000000000000954]
J 18969 c1 java.util.concurrent.ThreadPoolExecutor$Worker.run()V java.base@21.0.6 (9 bytes) @ 0x000001ce3848ffcc [0x000001ce3848ff40+0x000000000000008c]
J 17346 c1 java.lang.Thread.run()V java.base@21.0.6 (23 bytes) @ 0x000001ce381bc55c [0x000001ce381bc360+0x00000000000001fc]
v  ~StubRoutines::call_stub 0x000001ce3dc1100d

---------------  P R O C E S S  ---------------

Threads class SMR info:
_java_thread_list=0x000001ce53a9f2f0, length=75, elements={
0x000001ce335895f0, 0x000001ce4b261f10, 0x000001ce4b262bc0, 0x000001ce4b24eed0,
0x000001ce4b241620, 0x000001ce4b243080, 0x000001ce4b265fd0, 0x000001ce4b266d50,
0x000001ce4b27f390, 0x000001ce4b39d280, 0x000001ce4b56b530, 0x000001ce50f54f90,
0x000001ce5100e1c0, 0x000001ce51001850, 0x000001ce5129c220, 0x000001ce5129a7e0,
0x000001ce5129bb90, 0x000001ce5129cf40, 0x000001ce51299ac0, 0x000001ce52a47900,
0x000001ce5389dfd0, 0x000001ce5b265410, 0x000001ce5b26a2d0, 0x000001ce5b26a960,
0x000001ce5b268200, 0x000001ce5b8aee20, 0x000001ce5b8e30c0, 0x000001ce5435d220,
0x000001ce5435be70, 0x000001ce5435cb90, 0x000001ce5b8e3de0, 0x000001ce5b8e4470,
0x000001ce6344b1c0, 0x000001ce6344b850, 0x000001ce6344d920, 0x000001ce6344cc00,
0x000001ce6344c570, 0x000001ce6237d490, 0x000001ce6237a010, 0x000001ce6237a6a0,
0x000001ce6237ce00, 0x000001ce6237c0e0, 0x000001ce6237ad30, 0x000001ce6237c770,
0x000001ce6267c750, 0x000001ce506ed290, 0x000001ce506edfb0, 0x000001ce506ed920,
0x000001ce506ecc00, 0x000001ce53f089e0, 0x000001ce53f0d210, 0x000001ce53f0be60,
0x000001ce53f0a420, 0x000001ce53f0c4f0, 0x000001ce53f0cb80, 0x000001ce53f0d8a0,
0x000001ce53f06910, 0x000001ce53f0df30, 0x000001ce53f06fa0, 0x000001ce53f0b140,
0x000001ce53f07630, 0x000001ce53f0ec50, 0x000001ce568a8120, 0x000001ce5ceeb3a0,
0x000001ce5ceea680, 0x000001ce5ceead10, 0x000001ce5ceeba30, 0x000001ce5ceec0c0,
0x000001ce5ceecde0, 0x000001ce5ceed470, 0x000001ce5ceedb00, 0x000001ce5cd8e1f0,
0x000001ce5cd8ef10, 0x000001ce5cd902c0, 0x000001ce6267cde0
}

Java Threads: ( => current thread )
  0x000001ce335895f0 JavaThread "main"                              [_thread_blocked, id=27124, stack(0x0000002124300000,0x0000002124400000) (1024K)]
  0x000001ce4b261f10 JavaThread "Reference Handler"          daemon [_thread_blocked, id=22032, stack(0x0000002124b00000,0x0000002124c00000) (1024K)]
  0x000001ce4b262bc0 JavaThread "Finalizer"                  daemon [_thread_blocked, id=28608, stack(0x0000002124c00000,0x0000002124d00000) (1024K)]
  0x000001ce4b24eed0 JavaThread "Signal Dispatcher"          daemon [_thread_blocked, id=31972, stack(0x0000002124d00000,0x0000002124e00000) (1024K)]
  0x000001ce4b241620 JavaThread "Attach Listener"            daemon [_thread_blocked, id=16092, stack(0x0000002124e00000,0x0000002124f00000) (1024K)]
  0x000001ce4b243080 JavaThread "Service Thread"             daemon [_thread_blocked, id=19968, stack(0x0000002124f00000,0x0000002125000000) (1024K)]
  0x000001ce4b265fd0 JavaThread "Monitor Deflation Thread"   daemon [_thread_blocked, id=22596, stack(0x0000002125000000,0x0000002125100000) (1024K)]
  0x000001ce4b266d50 JavaThread "C2 CompilerThread0"         daemon [_thread_blocked, id=28484, stack(0x0000002125100000,0x0000002125200000) (1024K)]
  0x000001ce4b27f390 JavaThread "C1 CompilerThread0"         daemon [_thread_blocked, id=24824, stack(0x0000002125200000,0x0000002125300000) (1024K)]
  0x000001ce4b39d280 JavaThread "Common-Cleaner"             daemon [_thread_blocked, id=24788, stack(0x0000002125300000,0x0000002125400000) (1024K)]
  0x000001ce4b56b530 JavaThread "Notification Thread"        daemon [_thread_blocked, id=21124, stack(0x0000002125400000,0x0000002125500000) (1024K)]
  0x000001ce50f54f90 JavaThread "Daemon health stats"               [_thread_blocked, id=23744, stack(0x0000002125a00000,0x0000002125b00000) (1024K)]
  0x000001ce5100e1c0 JavaThread "Incoming local TCP Connector on port 52742"        [_thread_in_native, id=2804, stack(0x0000002125b00000,0x0000002125c00000) (1024K)]
  0x000001ce51001850 JavaThread "Daemon periodic checks"            [_thread_blocked, id=32860, stack(0x0000002125d00000,0x0000002125e00000) (1024K)]
  0x000001ce5129c220 JavaThread "Cache worker for journal cache (C:\Users\TheRe\.gradle\caches\journal-1)"        [_thread_blocked, id=24836, stack(0x0000002126b00000,0x0000002126c00000) (1024K)]
  0x000001ce5129a7e0 JavaThread "File lock request listener"        [_thread_in_native, id=25036, stack(0x0000002126c00000,0x0000002126d00000) (1024K)]
  0x000001ce5129bb90 JavaThread "Cache worker for file hash cache (C:\Users\TheRe\.gradle\caches\8.10.2\fileHashes)"        [_thread_blocked, id=32788, stack(0x0000002126d00000,0x0000002126e00000) (1024K)]
  0x000001ce5129cf40 JavaThread "File watcher server"        daemon [_thread_blocked, id=24452, stack(0x0000002127000000,0x0000002127100000) (1024K)]
  0x000001ce51299ac0 JavaThread "File watcher consumer"      daemon [_thread_blocked, id=28272, stack(0x0000002127100000,0x0000002127200000) (1024K)]
  0x000001ce52a47900 JavaThread "Cache worker for file content cache (C:\Users\TheRe\.gradle\caches\8.10.2\fileContent)"        [_thread_blocked, id=14384, stack(0x0000002127300000,0x0000002127400000) (1024K)]
  0x000001ce5389dfd0 JavaThread "Memory manager"                    [_thread_blocked, id=14096, stack(0x0000002129800000,0x0000002129900000) (1024K)]
  0x000001ce5b265410 JavaThread "RMI Scheduler(0)"           daemon [_thread_blocked, id=23504, stack(0x000000212bd00000,0x000000212be00000) (1024K)]
  0x000001ce5b26a2d0 JavaThread "RMI GC Daemon"              daemon [_thread_blocked, id=24280, stack(0x000000212bf00000,0x000000212c000000) (1024K)]
  0x000001ce5b26a960 JavaThread "RMI TCP Accept-0"           daemon [_thread_in_native, id=18756, stack(0x000000212c000000,0x000000212c100000) (1024K)]
  0x000001ce5b268200 JavaThread "RMI Reaper"                        [_thread_blocked, id=29516, stack(0x000000212c100000,0x000000212c200000) (1024K)]
  0x000001ce5b8aee20 JavaThread "RMI RenewClean-[127.0.0.1:17267,org.jetbrains.kotlin.daemon.common.LoopbackNetworkInterface$ClientLoopbackSocketFactory@76367450]" daemon [_thread_blocked, id=25664, stack(0x000000212cb00000,0x000000212cc00000) (1024K)]
  0x000001ce5b8e30c0 JavaThread "Daemon Thread 12"                  [_thread_blocked, id=27072, stack(0x0000002124000000,0x0000002124100000) (1024K)]
  0x000001ce5435d220 JavaThread "Handler for socket connection from /127.0.0.1:52742 to /127.0.0.1:55890"        [_thread_in_native, id=20784, stack(0x0000002124100000,0x0000002124200000) (1024K)]
  0x000001ce5435be70 JavaThread "Cancel handler"                    [_thread_blocked, id=33084, stack(0x0000002124200000,0x0000002124300000) (1024K)]
  0x000001ce5435cb90 JavaThread "Daemon worker Thread 12"           [_thread_blocked, id=10104, stack(0x0000002125c00000,0x0000002125d00000) (1024K)]
  0x000001ce5b8e3de0 JavaThread "Asynchronous log dispatcher for DefaultDaemonConnection: socket connection from /127.0.0.1:52742 to /127.0.0.1:55890"        [_thread_blocked, id=460, stack(0x0000002125e00000,0x0000002125f00000) (1024K)]
  0x000001ce5b8e4470 JavaThread "Stdin handler"                     [_thread_blocked, id=5196, stack(0x0000002125f00000,0x0000002126000000) (1024K)]
  0x000001ce6344b1c0 JavaThread "Daemon client event forwarder"        [_thread_blocked, id=24920, stack(0x0000002126000000,0x0000002126100000) (1024K)]
  0x000001ce6344b850 JavaThread "Cache worker for file hash cache (C:\Users\TheRe\AndroidStudioProjects\Team45FiskeriApp\.gradle\8.10.2\fileHashes)"        [_thread_blocked, id=9844, stack(0x0000002126100000,0x0000002126200000) (1024K)]
  0x000001ce6344d920 JavaThread "Cache worker for Build Output Cleanup Cache (C:\Users\TheRe\AndroidStudioProjects\Team45FiskeriApp\.gradle\buildOutputCleanup)"        [_thread_blocked, id=28300, stack(0x0000002126200000,0x0000002126300000) (1024K)]
  0x000001ce6344cc00 JavaThread "Cache worker for checksums cache (C:\Users\TheRe\AndroidStudioProjects\Team45FiskeriApp\.gradle\8.10.2\checksums)"        [_thread_blocked, id=13016, stack(0x0000002126300000,0x0000002126400000) (1024K)]
  0x000001ce6344c570 JavaThread "Cache worker for cache directory md-rule (C:\Users\TheRe\.gradle\caches\8.10.2\md-rule)"        [_thread_blocked, id=33072, stack(0x0000002126400000,0x0000002126500000) (1024K)]
  0x000001ce6237d490 JavaThread "Cache worker for cache directory md-supplier (C:\Users\TheRe\.gradle\caches\8.10.2\md-supplier)"        [_thread_blocked, id=13772, stack(0x0000002126e00000,0x0000002126f00000) (1024K)]
  0x000001ce6237a010 JavaThread "Unconstrained build operations"        [_thread_blocked, id=28184, stack(0x0000002126f00000,0x0000002127000000) (1024K)]
  0x000001ce6237a6a0 JavaThread "Unconstrained build operations Thread 2"        [_thread_blocked, id=14220, stack(0x0000002127200000,0x0000002127300000) (1024K)]
  0x000001ce6237ce00 JavaThread "Unconstrained build operations Thread 3"        [_thread_blocked, id=5208, stack(0x0000002127400000,0x0000002127500000) (1024K)]
  0x000001ce6237c0e0 JavaThread "Unconstrained build operations Thread 4"        [_thread_blocked, id=3720, stack(0x0000002127500000,0x0000002127600000) (1024K)]
  0x000001ce6237ad30 JavaThread "Unconstrained build operations Thread 5"        [_thread_blocked, id=29320, stack(0x0000002127600000,0x0000002127700000) (1024K)]
  0x000001ce6237c770 JavaThread "Unconstrained build operations Thread 6"        [_thread_blocked, id=32180, stack(0x0000002127700000,0x0000002127800000) (1024K)]
  0x000001ce6267c750 JavaThread "Unconstrained build operations Thread 7"        [_thread_blocked, id=26000, stack(0x0000002127800000,0x0000002127900000) (1024K)]
  0x000001ce506ed290 JavaThread "Unconstrained build operations Thread 8"        [_thread_blocked, id=23812, stack(0x0000002127900000,0x0000002127a00000) (1024K)]
  0x000001ce506edfb0 JavaThread "Unconstrained build operations Thread 9"        [_thread_blocked, id=27712, stack(0x0000002127a00000,0x0000002127b00000) (1024K)]
  0x000001ce506ed920 JavaThread "Unconstrained build operations Thread 10"        [_thread_blocked, id=4560, stack(0x0000002127b00000,0x0000002127c00000) (1024K)]
  0x000001ce506ecc00 JavaThread "Unconstrained build operations Thread 11"        [_thread_blocked, id=1840, stack(0x0000002127c00000,0x0000002127d00000) (1024K)]
  0x000001ce53f089e0 JavaThread "Unconstrained build operations Thread 12"        [_thread_blocked, id=27392, stack(0x0000002127d00000,0x0000002127e00000) (1024K)]
  0x000001ce53f0d210 JavaThread "Unconstrained build operations Thread 13"        [_thread_blocked, id=4004, stack(0x0000002127e00000,0x0000002127f00000) (1024K)]
  0x000001ce53f0be60 JavaThread "Unconstrained build operations Thread 14"        [_thread_blocked, id=2160, stack(0x0000002127f00000,0x0000002128000000) (1024K)]
  0x000001ce53f0a420 JavaThread "Unconstrained build operations Thread 15"        [_thread_blocked, id=14608, stack(0x0000002128000000,0x0000002128100000) (1024K)]
  0x000001ce53f0c4f0 JavaThread "Unconstrained build operations Thread 16"        [_thread_blocked, id=25704, stack(0x0000002128100000,0x0000002128200000) (1024K)]
  0x000001ce53f0cb80 JavaThread "Unconstrained build operations Thread 17"        [_thread_blocked, id=1792, stack(0x0000002128200000,0x0000002128300000) (1024K)]
  0x000001ce53f0d8a0 JavaThread "Unconstrained build operations Thread 18"        [_thread_blocked, id=20828, stack(0x0000002128300000,0x0000002128400000) (1024K)]
  0x000001ce53f06910 JavaThread "Unconstrained build operations Thread 19"        [_thread_blocked, id=23348, stack(0x0000002128400000,0x0000002128500000) (1024K)]
  0x000001ce53f0df30 JavaThread "Unconstrained build operations Thread 20"        [_thread_blocked, id=31056, stack(0x0000002128500000,0x0000002128600000) (1024K)]
  0x000001ce53f06fa0 JavaThread "Unconstrained build operations Thread 21"        [_thread_blocked, id=19172, stack(0x0000002128600000,0x0000002128700000) (1024K)]
  0x000001ce53f0b140 JavaThread "Unconstrained build operations Thread 22"        [_thread_blocked, id=12756, stack(0x0000002128700000,0x0000002128800000) (1024K)]
  0x000001ce53f07630 JavaThread "build event listener"              [_thread_blocked, id=20312, stack(0x0000002128800000,0x0000002128900000) (1024K)]
  0x000001ce53f0ec50 JavaThread "build event listener"              [_thread_blocked, id=29188, stack(0x0000002128900000,0x0000002128a00000) (1024K)]
  0x000001ce568a8120 JavaThread "included builds"                   [_thread_blocked, id=24068, stack(0x0000002128a00000,0x0000002128b00000) (1024K)]
  0x000001ce5ceeb3a0 JavaThread "Execution worker"                  [_thread_blocked, id=25692, stack(0x0000002128b00000,0x0000002128c00000) (1024K)]
  0x000001ce5ceea680 JavaThread "Execution worker Thread 2"         [_thread_blocked, id=25596, stack(0x0000002128c00000,0x0000002128d00000) (1024K)]
  0x000001ce5ceead10 JavaThread "Execution worker Thread 3"         [_thread_blocked, id=31524, stack(0x0000002128d00000,0x0000002128e00000) (1024K)]
  0x000001ce5ceeba30 JavaThread "Execution worker Thread 4"         [_thread_blocked, id=12996, stack(0x0000002128e00000,0x0000002128f00000) (1024K)]
  0x000001ce5ceec0c0 JavaThread "Execution worker Thread 5"         [_thread_blocked, id=24180, stack(0x0000002128f00000,0x0000002129000000) (1024K)]
  0x000001ce5ceecde0 JavaThread "Execution worker Thread 6"         [_thread_blocked, id=24880, stack(0x0000002129000000,0x0000002129100000) (1024K)]
  0x000001ce5ceed470 JavaThread "Execution worker Thread 7"         [_thread_blocked, id=13152, stack(0x0000002129100000,0x0000002129200000) (1024K)]
  0x000001ce5ceedb00 JavaThread "Execution worker Thread 8"         [_thread_blocked, id=3380, stack(0x0000002129200000,0x0000002129300000) (1024K)]
  0x000001ce5cd8e1f0 JavaThread "Execution worker Thread 9"         [_thread_blocked, id=26452, stack(0x0000002129300000,0x0000002129400000) (1024K)]
  0x000001ce5cd8ef10 JavaThread "Execution worker Thread 10"        [_thread_blocked, id=9440, stack(0x0000002129400000,0x0000002129500000) (1024K)]
  0x000001ce5cd902c0 JavaThread "Execution worker Thread 11"        [_thread_blocked, id=24976, stack(0x0000002129500000,0x0000002129600000) (1024K)]
  0x000001ce6267cde0 JavaThread "Cache worker for execution history cache (C:\Users\TheRe\AndroidStudioProjects\Team45FiskeriApp\.gradle\8.10.2\executionHistory)"        [_thread_blocked, id=32896, stack(0x0000002129600000,0x0000002129700000) (1024K)]
Total: 75

Other Threads:
  0x000001ce4b0c3460 VMThread "VM Thread"                           [id=18528, stack(0x0000002124a00000,0x0000002124b00000) (1024K)]
  0x000001ce4b034e70 WatcherThread "VM Periodic Task Thread"        [id=24832, stack(0x0000002124900000,0x0000002124a00000) (1024K)]
  0x000001ce335e3c60 WorkerThread "GC Thread#0"                     [id=2784, stack(0x0000002124400000,0x0000002124500000) (1024K)]
  0x000001ce4babb220 WorkerThread "GC Thread#1"                     [id=7220, stack(0x0000002125500000,0x0000002125600000) (1024K)]
  0x000001ce4b8a9b20 WorkerThread "GC Thread#2"                     [id=28896, stack(0x0000002125600000,0x0000002125700000) (1024K)]
  0x000001ce503c0c90 WorkerThread "GC Thread#3"                     [id=26176, stack(0x0000002125700000,0x0000002125800000) (1024K)]
  0x000001ce5041b400 WorkerThread "GC Thread#4"                     [id=12444, stack(0x0000002125800000,0x0000002125900000) (1024K)]
=>0x000001ce50de0350 WorkerThread "GC Thread#5"                     [id=27672, stack(0x0000002125900000,0x0000002125a00000) (1024K)]
  0x000001ce5103a4f0 WorkerThread "GC Thread#6"                     [id=15432, stack(0x0000002126500000,0x0000002126600000) (1024K)]
  0x000001ce51039a10 WorkerThread "GC Thread#7"                     [id=8768, stack(0x0000002126600000,0x0000002126700000) (1024K)]
  0x000001ce5103a150 WorkerThread "GC Thread#8"                     [id=25848, stack(0x0000002126700000,0x0000002126800000) (1024K)]
  0x000001ce510392d0 WorkerThread "GC Thread#9"                     [id=26512, stack(0x0000002126800000,0x0000002126900000) (1024K)]
  0x000001ce335f7560 ConcurrentGCThread "G1 Main Marker"            [id=16000, stack(0x0000002124500000,0x0000002124600000) (1024K)]
  0x000001ce335f8060 WorkerThread "G1 Conc#0"                       [id=11600, stack(0x0000002124600000,0x0000002124700000) (1024K)]
  0x000001ce51039670 WorkerThread "G1 Conc#1"                       [id=14788, stack(0x0000002126900000,0x0000002126a00000) (1024K)]
  0x000001ce51038b90 WorkerThread "G1 Conc#2"                       [id=17508, stack(0x0000002126a00000,0x0000002126b00000) (1024K)]
  0x000001ce4af050f0 ConcurrentGCThread "G1 Refine#0"               [id=13824, stack(0x0000002124700000,0x0000002124800000) (1024K)]
  0x000001ce4af05b70 ConcurrentGCThread "G1 Service"                [id=27324, stack(0x0000002124800000,0x0000002124900000) (1024K)]
Total: 18

Threads with active compile tasks:
Total: 0

VM state: at safepoint (normal execution)

VM Mutex/Monitor currently owned by a thread:  ([mutex/lock_event])
[0x00007ffc6a53bca0] FreeList_lock - owner thread: 0x000001ce50de0350
[0x00007ffc6a53e3a0] Threads_lock - owner thread: 0x000001ce4b0c3460
[0x00007ffc6a53e4a0] Heap_lock - owner thread: 0x000001ce568a8120

Heap address: 0x0000000080000000, size: 2048 MB, Compressed Oops mode: 32-bit

CDS archive(s) not mapped
Compressed class space mapped at: 0x0000000100000000-0x0000000140000000, reserved size: 1073741824
Narrow klass base: 0x0000000000000000, Narrow klass shift: 3, Narrow klass range: 0x140000000

GC Precious Log:
 CardTable entry size: 512
 Card Set container configuration: InlinePtr #cards 5 size 8 Array Of Cards #cards 12 size 40 Howl #buckets 4 coarsen threshold 1843 Howl Bitmap #cards 512 size 80 coarsen threshold 460 Card regions per heap region 1 cards per card region 2048
 CPUs: 12 total, 12 available
 Memory: 6006M
 Large Page Support: Disabled
 NUMA Support: Disabled
 Compressed Oops: Enabled (32-bit)
 Heap Region Size: 1M
 Heap Min Capacity: 8M
 Heap Initial Capacity: 94M
 Heap Max Capacity: 2G
 Pre-touch: Disabled
 Parallel Workers: 10
 Concurrent Workers: 3
 Concurrent Refinement Workers: 10
 Periodic GC: Disabled

Heap:
 garbage-first heap   total 544768K, used 541678K [0x0000000080000000, 0x0000000100000000)
  region size 1024K, 229 young (234496K), 2 survivors (2048K)
 Metaspace       used 146312K, committed 148352K, reserved 1179648K
  class space    used 19358K, committed 20736K, reserved 1048576K

Heap Regions: E=young(eden), S=young(survivor), O=old, HS=humongous(starts), HC=humongous(continues), CS=collection set, F=free, TAMS=top-at-mark-start, PB=parsable bottom
|   0|0x0000000080000000, 0x0000000080100000, 0x0000000080100000|100%| O|  |TAMS 0x0000000080000000| PB 0x0000000080000000| Untracked 
|   1|0x0000000080100000, 0x0000000080200000, 0x0000000080200000|100%| O|  |TAMS 0x0000000080100000| PB 0x0000000080100000| Untracked 
|   2|0x0000000080200000, 0x0000000080300000, 0x0000000080300000|100%|HS|  |TAMS 0x0000000080200000| PB 0x0000000080200000| Complete 
|   3|0x0000000080300000, 0x0000000080400000, 0x0000000080400000|100%|HC|  |TAMS 0x0000000080300000| PB 0x0000000080300000| Complete 
|   4|0x0000000080400000, 0x0000000080500000, 0x0000000080500000|100%|HC|  |TAMS 0x0000000080400000| PB 0x0000000080400000| Complete 
|   5|0x0000000080500000, 0x0000000080600000, 0x0000000080600000|100%|HC|  |TAMS 0x0000000080500000| PB 0x0000000080500000| Complete 
|   6|0x0000000080600000, 0x0000000080700000, 0x0000000080700000|100%| O|  |TAMS 0x0000000080600000| PB 0x0000000080600000| Untracked 
|   7|0x0000000080700000, 0x0000000080800000, 0x0000000080800000|100%| O|  |TAMS 0x0000000080700000| PB 0x0000000080700000| Untracked 
|   8|0x0000000080800000, 0x0000000080900000, 0x0000000080900000|100%| O|  |TAMS 0x0000000080800000| PB 0x0000000080800000| Untracked 
|   9|0x0000000080900000, 0x0000000080a00000, 0x0000000080a00000|100%|HS|  |TAMS 0x0000000080900000| PB 0x0000000080900000| Complete 
|  10|0x0000000080a00000, 0x0000000080b00000, 0x0000000080b00000|100%| O|  |TAMS 0x0000000080a00000| PB 0x0000000080a00000| Untracked 
|  11|0x0000000080b00000, 0x0000000080c00000, 0x0000000080c00000|100%| O|  |TAMS 0x0000000080b00000| PB 0x0000000080b00000| Untracked 
|  12|0x0000000080c00000, 0x0000000080d00000, 0x0000000080d00000|100%| O|  |TAMS 0x0000000080c00000| PB 0x0000000080c00000| Untracked 
|  13|0x0000000080d00000, 0x0000000080e00000, 0x0000000080e00000|100%| O|  |TAMS 0x0000000080d00000| PB 0x0000000080d00000| Untracked 
|  14|0x0000000080e00000, 0x0000000080f00000, 0x0000000080f00000|100%| O|  |TAMS 0x0000000080e00000| PB 0x0000000080e00000| Untracked 
|  15|0x0000000080f00000, 0x0000000081000000, 0x0000000081000000|100%| O|  |TAMS 0x0000000080f00000| PB 0x0000000080f00000| Untracked 
|  16|0x0000000081000000, 0x0000000081100000, 0x0000000081100000|100%| O|  |TAMS 0x0000000081000000| PB 0x0000000081000000| Untracked 
|  17|0x0000000081100000, 0x0000000081200000, 0x0000000081200000|100%| O|  |TAMS 0x0000000081100000| PB 0x0000000081100000| Untracked 
|  18|0x0000000081200000, 0x0000000081300000, 0x0000000081300000|100%| O|  |TAMS 0x0000000081200000| PB 0x0000000081200000| Untracked 
|  19|0x0000000081300000, 0x0000000081400000, 0x0000000081400000|100%| O|  |TAMS 0x0000000081300000| PB 0x0000000081300000| Untracked 
|  20|0x0000000081400000, 0x0000000081500000, 0x0000000081500000|100%| O|  |TAMS 0x0000000081400000| PB 0x0000000081400000| Untracked 
|  21|0x0000000081500000, 0x0000000081600000, 0x0000000081600000|100%| O|  |TAMS 0x0000000081500000| PB 0x0000000081500000| Untracked 
|  22|0x0000000081600000, 0x0000000081700000, 0x0000000081700000|100%| O|  |TAMS 0x0000000081600000| PB 0x0000000081600000| Untracked 
|  23|0x0000000081700000, 0x0000000081800000, 0x0000000081800000|100%| O|  |TAMS 0x0000000081700000| PB 0x0000000081700000| Untracked 
|  24|0x0000000081800000, 0x0000000081900000, 0x0000000081900000|100%| O|  |TAMS 0x0000000081800000| PB 0x0000000081800000| Untracked 
|  25|0x0000000081900000, 0x0000000081a00000, 0x0000000081a00000|100%| O|  |TAMS 0x0000000081900000| PB 0x0000000081900000| Untracked 
|  26|0x0000000081a00000, 0x0000000081b00000, 0x0000000081b00000|100%| E|CS|TAMS 0x0000000081a00000| PB 0x0000000081a00000| Complete 
|  27|0x0000000081b00000, 0x0000000081c00000, 0x0000000081c00000|100%| O|  |TAMS 0x0000000081b00000| PB 0x0000000081b00000| Untracked 
|  28|0x0000000081c00000, 0x0000000081d00000, 0x0000000081d00000|100%| O|  |TAMS 0x0000000081c00000| PB 0x0000000081c00000| Untracked 
|  29|0x0000000081d00000, 0x0000000081e00000, 0x0000000081e00000|100%| O|  |TAMS 0x0000000081d00000| PB 0x0000000081d00000| Untracked 
|  30|0x0000000081e00000, 0x0000000081f00000, 0x0000000081f00000|100%| O|  |TAMS 0x0000000081e00000| PB 0x0000000081e00000| Untracked 
|  31|0x0000000081f00000, 0x0000000082000000, 0x0000000082000000|100%| O|  |TAMS 0x0000000081f00000| PB 0x0000000081f00000| Untracked 
|  32|0x0000000082000000, 0x0000000082100000, 0x0000000082100000|100%| O|  |TAMS 0x0000000082000000| PB 0x0000000082000000| Untracked 
|  33|0x0000000082100000, 0x0000000082200000, 0x0000000082200000|100%| O|  |TAMS 0x0000000082100000| PB 0x0000000082100000| Untracked 
|  34|0x0000000082200000, 0x0000000082300000, 0x0000000082300000|100%| O|  |TAMS 0x0000000082200000| PB 0x0000000082200000| Untracked 
|  35|0x0000000082300000, 0x0000000082400000, 0x0000000082400000|100%| O|  |TAMS 0x0000000082300000| PB 0x0000000082300000| Untracked 
|  36|0x0000000082400000, 0x0000000082500000, 0x0000000082500000|100%| O|  |TAMS 0x0000000082400000| PB 0x0000000082400000| Untracked 
|  37|0x0000000082500000, 0x0000000082600000, 0x0000000082600000|100%| O|  |TAMS 0x0000000082500000| PB 0x0000000082500000| Untracked 
|  38|0x0000000082600000, 0x0000000082700000, 0x0000000082700000|100%| E|CS|TAMS 0x0000000082600000| PB 0x0000000082600000| Complete 
|  39|0x0000000082700000, 0x0000000082800000, 0x0000000082800000|100%| O|  |TAMS 0x0000000082700000| PB 0x0000000082700000| Untracked 
|  40|0x0000000082800000, 0x0000000082900000, 0x0000000082900000|100%|HS|  |TAMS 0x0000000082800000| PB 0x0000000082800000| Complete 
|  41|0x0000000082900000, 0x0000000082a00000, 0x0000000082a00000|100%| O|  |TAMS 0x0000000082900000| PB 0x0000000082900000| Untracked 
|  42|0x0000000082a00000, 0x0000000082b00000, 0x0000000082b00000|100%| O|  |TAMS 0x0000000082a00000| PB 0x0000000082a00000| Untracked 
|  43|0x0000000082b00000, 0x0000000082c00000, 0x0000000082c00000|100%|HS|  |TAMS 0x0000000082b00000| PB 0x0000000082b00000| Complete 
|  44|0x0000000082c00000, 0x0000000082d00000, 0x0000000082d00000|100%|HS|  |TAMS 0x0000000082c00000| PB 0x0000000082c00000| Complete 
|  45|0x0000000082d00000, 0x0000000082e00000, 0x0000000082e00000|100%| O|  |TAMS 0x0000000082d00000| PB 0x0000000082d00000| Untracked 
|  46|0x0000000082e00000, 0x0000000082f00000, 0x0000000082f00000|100%| O|  |TAMS 0x0000000082e00000| PB 0x0000000082e00000| Untracked 
|  47|0x0000000082f00000, 0x0000000083000000, 0x0000000083000000|100%| O|  |TAMS 0x0000000082f00000| PB 0x0000000082f00000| Untracked 
|  48|0x0000000083000000, 0x0000000083100000, 0x0000000083100000|100%| O|  |TAMS 0x0000000083000000| PB 0x0000000083000000| Untracked 
|  49|0x0000000083100000, 0x0000000083200000, 0x0000000083200000|100%|HS|  |TAMS 0x0000000083100000| PB 0x0000000083100000| Complete 
|  50|0x0000000083200000, 0x0000000083300000, 0x0000000083300000|100%|HC|  |TAMS 0x0000000083200000| PB 0x0000000083200000| Complete 
|  51|0x0000000083300000, 0x0000000083400000, 0x0000000083400000|100%|HS|  |TAMS 0x0000000083300000| PB 0x0000000083300000| Complete 
|  52|0x0000000083400000, 0x0000000083500000, 0x0000000083500000|100%|HC|  |TAMS 0x0000000083400000| PB 0x0000000083400000| Complete 
|  53|0x0000000083500000, 0x0000000083600000, 0x0000000083600000|100%| O|  |TAMS 0x0000000083500000| PB 0x0000000083500000| Untracked 
|  54|0x0000000083600000, 0x0000000083700000, 0x0000000083700000|100%|HS|  |TAMS 0x0000000083600000| PB 0x0000000083600000| Complete 
|  55|0x0000000083700000, 0x0000000083800000, 0x0000000083800000|100%|HS|  |TAMS 0x0000000083700000| PB 0x0000000083700000| Complete 
|  56|0x0000000083800000, 0x0000000083900000, 0x0000000083900000|100%|HC|  |TAMS 0x0000000083800000| PB 0x0000000083800000| Complete 
|  57|0x0000000083900000, 0x0000000083a00000, 0x0000000083a00000|100%|HC|  |TAMS 0x0000000083900000| PB 0x0000000083900000| Complete 
|  58|0x0000000083a00000, 0x0000000083b00000, 0x0000000083b00000|100%|HS|  |TAMS 0x0000000083a00000| PB 0x0000000083a00000| Complete 
|  59|0x0000000083b00000, 0x0000000083c00000, 0x0000000083c00000|100%| O|  |TAMS 0x0000000083b00000| PB 0x0000000083b00000| Untracked 
|  60|0x0000000083c00000, 0x0000000083d00000, 0x0000000083d00000|100%|HS|  |TAMS 0x0000000083c00000| PB 0x0000000083c00000| Complete 
|  61|0x0000000083d00000, 0x0000000083e00000, 0x0000000083e00000|100%|HS|  |TAMS 0x0000000083d00000| PB 0x0000000083d00000| Complete 
|  62|0x0000000083e00000, 0x0000000083f00000, 0x0000000083f00000|100%| O|  |TAMS 0x0000000083e00000| PB 0x0000000083e00000| Untracked 
|  63|0x0000000083f00000, 0x0000000084000000, 0x0000000084000000|100%| O|  |TAMS 0x0000000083f00000| PB 0x0000000083f00000| Untracked 
|  64|0x0000000084000000, 0x0000000084100000, 0x0000000084100000|100%| O|  |TAMS 0x0000000084000000| PB 0x0000000084000000| Untracked 
|  65|0x0000000084100000, 0x0000000084200000, 0x0000000084200000|100%| O|  |TAMS 0x0000000084100000| PB 0x0000000084100000| Untracked 
|  66|0x0000000084200000, 0x0000000084300000, 0x0000000084300000|100%| O|  |TAMS 0x0000000084200000| PB 0x0000000084200000| Untracked 
|  67|0x0000000084300000, 0x0000000084400000, 0x0000000084400000|100%| O|  |TAMS 0x0000000084300000| PB 0x0000000084300000| Untracked 
|  68|0x0000000084400000, 0x0000000084500000, 0x0000000084500000|100%| O|  |TAMS 0x0000000084400000| PB 0x0000000084400000| Untracked 
|  69|0x0000000084500000, 0x0000000084600000, 0x0000000084600000|100%| O|  |TAMS 0x0000000084500000| PB 0x0000000084500000| Untracked 
|  70|0x0000000084600000, 0x0000000084700000, 0x0000000084700000|100%| O|  |TAMS 0x0000000084600000| PB 0x0000000084600000| Untracked 
|  71|0x0000000084700000, 0x0000000084800000, 0x0000000084800000|100%| O|  |TAMS 0x0000000084700000| PB 0x0000000084700000| Untracked 
|  72|0x0000000084800000, 0x0000000084900000, 0x0000000084900000|100%| E|CS|TAMS 0x0000000084800000| PB 0x0000000084800000| Complete 
|  73|0x0000000084900000, 0x0000000084a00000, 0x0000000084a00000|100%| O|CS|TAMS 0x0000000084900000| PB 0x0000000084900000| Complete 
|  74|0x0000000084a00000, 0x0000000084b00000, 0x0000000084b00000|100%| O|  |TAMS 0x0000000084a00000| PB 0x0000000084a00000| Untracked 
|  75|0x0000000084b00000, 0x0000000084c00000, 0x0000000084c00000|100%| O|  |TAMS 0x0000000084b00000| PB 0x0000000084b00000| Untracked 
|  76|0x0000000084c00000, 0x0000000084d00000, 0x0000000084d00000|100%| E|CS|TAMS 0x0000000084c00000| PB 0x0000000084c00000| Complete 
|  77|0x0000000084d00000, 0x0000000084e00000, 0x0000000084e00000|100%| O|  |TAMS 0x0000000084d00000| PB 0x0000000084d00000| Untracked 
|  78|0x0000000084e00000, 0x0000000084f00000, 0x0000000084f00000|100%|HS|  |TAMS 0x0000000084e00000| PB 0x0000000084e00000| Complete 
|  79|0x0000000084f00000, 0x0000000085000000, 0x0000000085000000|100%|HC|  |TAMS 0x0000000084f00000| PB 0x0000000084f00000| Complete 
|  80|0x0000000085000000, 0x0000000085100000, 0x0000000085100000|100%|HC|  |TAMS 0x0000000085000000| PB 0x0000000085000000| Complete 
|  81|0x0000000085100000, 0x0000000085200000, 0x0000000085200000|100%| O|  |TAMS 0x0000000085100000| PB 0x0000000085100000| Untracked 
|  82|0x0000000085200000, 0x0000000085300000, 0x0000000085300000|100%| O|  |TAMS 0x0000000085200000| PB 0x0000000085200000| Untracked 
|  83|0x0000000085300000, 0x0000000085400000, 0x0000000085400000|100%| O|  |TAMS 0x0000000085300000| PB 0x0000000085300000| Untracked 
|  84|0x0000000085400000, 0x0000000085500000, 0x0000000085500000|100%| O|  |TAMS 0x0000000085400000| PB 0x0000000085400000| Untracked 
|  85|0x0000000085500000, 0x0000000085600000, 0x0000000085600000|100%| O|  |TAMS 0x0000000085500000| PB 0x0000000085500000| Untracked 
|  86|0x0000000085600000, 0x0000000085700000, 0x0000000085700000|100%| O|  |TAMS 0x0000000085600000| PB 0x0000000085600000| Untracked 
|  87|0x0000000085700000, 0x0000000085800000, 0x0000000085800000|100%| O|  |TAMS 0x0000000085700000| PB 0x0000000085700000| Untracked 
|  88|0x0000000085800000, 0x0000000085900000, 0x0000000085900000|100%| O|  |TAMS 0x0000000085800000| PB 0x0000000085800000| Untracked 
|  89|0x0000000085900000, 0x0000000085a00000, 0x0000000085a00000|100%| E|CS|TAMS 0x0000000085900000| PB 0x0000000085900000| Complete 
|  90|0x0000000085a00000, 0x0000000085b00000, 0x0000000085b00000|100%| O|  |TAMS 0x0000000085a00000| PB 0x0000000085a00000| Untracked 
|  91|0x0000000085b00000, 0x0000000085c00000, 0x0000000085c00000|100%| O|  |TAMS 0x0000000085b00000| PB 0x0000000085b00000| Untracked 
|  92|0x0000000085c00000, 0x0000000085d00000, 0x0000000085d00000|100%| E|CS|TAMS 0x0000000085c00000| PB 0x0000000085c00000| Complete 
|  93|0x0000000085d00000, 0x0000000085e00000, 0x0000000085e00000|100%| O|  |TAMS 0x0000000085d00000| PB 0x0000000085d00000| Untracked 
|  94|0x0000000085e00000, 0x0000000085f00000, 0x0000000085f00000|100%| O|  |TAMS 0x0000000085e00000| PB 0x0000000085e00000| Untracked 
|  95|0x0000000085f00000, 0x0000000086000000, 0x0000000086000000|100%| O|  |TAMS 0x0000000085f00000| PB 0x0000000085f00000| Untracked 
|  96|0x0000000086000000, 0x0000000086100000, 0x0000000086100000|100%| E|CS|TAMS 0x0000000086000000| PB 0x0000000086000000| Complete 
|  97|0x0000000086100000, 0x0000000086200000, 0x0000000086200000|100%| O|  |TAMS 0x0000000086100000| PB 0x0000000086100000| Untracked 
|  98|0x0000000086200000, 0x0000000086300000, 0x0000000086300000|100%| O|  |TAMS 0x0000000086200000| PB 0x0000000086200000| Untracked 
|  99|0x0000000086300000, 0x0000000086400000, 0x0000000086400000|100%| O|  |TAMS 0x0000000086300000| PB 0x0000000086300000| Untracked 
| 100|0x0000000086400000, 0x0000000086500000, 0x0000000086500000|100%| O|  |TAMS 0x0000000086400000| PB 0x0000000086400000| Untracked 
| 101|0x0000000086500000, 0x0000000086600000, 0x0000000086600000|100%| O|  |TAMS 0x0000000086500000| PB 0x0000000086500000| Untracked 
| 102|0x0000000086600000, 0x0000000086700000, 0x0000000086700000|100%| O|  |TAMS 0x0000000086600000| PB 0x0000000086600000| Untracked 
| 103|0x0000000086700000, 0x0000000086800000, 0x0000000086800000|100%| O|  |TAMS 0x0000000086700000| PB 0x0000000086700000| Untracked 
| 104|0x0000000086800000, 0x0000000086900000, 0x0000000086900000|100%| O|  |TAMS 0x0000000086800000| PB 0x0000000086800000| Untracked 
| 105|0x0000000086900000, 0x0000000086a00000, 0x0000000086a00000|100%| O|  |TAMS 0x0000000086900000| PB 0x0000000086900000| Untracked 
| 106|0x0000000086a00000, 0x0000000086b00000, 0x0000000086b00000|100%| O|  |TAMS 0x0000000086a00000| PB 0x0000000086a00000| Untracked 
| 107|0x0000000086b00000, 0x0000000086c00000, 0x0000000086c00000|100%| O|  |TAMS 0x0000000086b00000| PB 0x0000000086b00000| Untracked 
| 108|0x0000000086c00000, 0x0000000086d00000, 0x0000000086d00000|100%| O|  |TAMS 0x0000000086c00000| PB 0x0000000086c00000| Untracked 
| 109|0x0000000086d00000, 0x0000000086e00000, 0x0000000086e00000|100%| O|  |TAMS 0x0000000086d00000| PB 0x0000000086d00000| Untracked 
| 110|0x0000000086e00000, 0x0000000086f00000, 0x0000000086f00000|100%| O|  |TAMS 0x0000000086e00000| PB 0x0000000086e00000| Untracked 
| 111|0x0000000086f00000, 0x0000000087000000, 0x0000000087000000|100%| O|  |TAMS 0x0000000086f00000| PB 0x0000000086f00000| Untracked 
| 112|0x0000000087000000, 0x0000000087100000, 0x0000000087100000|100%| O|  |TAMS 0x0000000087000000| PB 0x0000000087000000| Untracked 
| 113|0x0000000087100000, 0x0000000087200000, 0x0000000087200000|100%| O|  |TAMS 0x0000000087100000| PB 0x0000000087100000| Untracked 
| 114|0x0000000087200000, 0x0000000087300000, 0x0000000087300000|100%| O|  |TAMS 0x0000000087200000| PB 0x0000000087200000| Untracked 
| 115|0x0000000087300000, 0x0000000087400000, 0x0000000087400000|100%| O|  |TAMS 0x0000000087300000| PB 0x0000000087300000| Untracked 
| 116|0x0000000087400000, 0x0000000087500000, 0x0000000087500000|100%| O|  |TAMS 0x0000000087400000| PB 0x0000000087400000| Untracked 
| 117|0x0000000087500000, 0x0000000087600000, 0x0000000087600000|100%| O|  |TAMS 0x0000000087500000| PB 0x0000000087500000| Untracked 
| 118|0x0000000087600000, 0x0000000087700000, 0x0000000087700000|100%| O|  |TAMS 0x0000000087600000| PB 0x0000000087600000| Untracked 
| 119|0x0000000087700000, 0x0000000087800000, 0x0000000087800000|100%| O|  |TAMS 0x0000000087700000| PB 0x0000000087700000| Untracked 
| 120|0x0000000087800000, 0x0000000087900000, 0x0000000087900000|100%| O|  |TAMS 0x0000000087800000| PB 0x0000000087800000| Untracked 
| 121|0x0000000087900000, 0x0000000087a00000, 0x0000000087a00000|100%| O|  |TAMS 0x0000000087900000| PB 0x0000000087900000| Untracked 
| 122|0x0000000087a00000, 0x0000000087b00000, 0x0000000087b00000|100%| O|  |TAMS 0x0000000087a00000| PB 0x0000000087a00000| Untracked 
| 123|0x0000000087b00000, 0x0000000087c00000, 0x0000000087c00000|100%| O|  |TAMS 0x0000000087b00000| PB 0x0000000087b00000| Untracked 
| 124|0x0000000087c00000, 0x0000000087d00000, 0x0000000087d00000|100%| O|  |TAMS 0x0000000087c00000| PB 0x0000000087c00000| Untracked 
| 125|0x0000000087d00000, 0x0000000087e00000, 0x0000000087e00000|100%| O|  |TAMS 0x0000000087d00000| PB 0x0000000087d00000| Untracked 
| 126|0x0000000087e00000, 0x0000000087f00000, 0x0000000087f00000|100%| O|  |TAMS 0x0000000087e00000| PB 0x0000000087e00000| Untracked 
| 127|0x0000000087f00000, 0x0000000088000000, 0x0000000088000000|100%| O|  |TAMS 0x0000000087f00000| PB 0x0000000087f00000| Untracked 
| 128|0x0000000088000000, 0x0000000088100000, 0x0000000088100000|100%| E|CS|TAMS 0x0000000088000000| PB 0x0000000088000000| Complete 
| 129|0x0000000088100000, 0x0000000088200000, 0x0000000088200000|100%| O|  |TAMS 0x0000000088100000| PB 0x0000000088100000| Untracked 
| 130|0x0000000088200000, 0x0000000088300000, 0x0000000088300000|100%| O|CS|TAMS 0x0000000088200000| PB 0x0000000088200000| Complete 
| 131|0x0000000088300000, 0x0000000088400000, 0x0000000088400000|100%| O|  |TAMS 0x0000000088300000| PB 0x0000000088300000| Untracked 
| 132|0x0000000088400000, 0x0000000088500000, 0x0000000088500000|100%| O|  |TAMS 0x0000000088400000| PB 0x0000000088400000| Untracked 
| 133|0x0000000088500000, 0x0000000088600000, 0x0000000088600000|100%| O|  |TAMS 0x0000000088500000| PB 0x0000000088500000| Untracked 
| 134|0x0000000088600000, 0x0000000088700000, 0x0000000088700000|100%| O|  |TAMS 0x0000000088600000| PB 0x0000000088600000| Untracked 
| 135|0x0000000088700000, 0x0000000088800000, 0x0000000088800000|100%| O|  |TAMS 0x0000000088700000| PB 0x0000000088700000| Untracked 
| 136|0x0000000088800000, 0x0000000088900000, 0x0000000088900000|100%| O|  |TAMS 0x0000000088800000| PB 0x0000000088800000| Untracked 
| 137|0x0000000088900000, 0x0000000088a00000, 0x0000000088a00000|100%| O|  |TAMS 0x0000000088900000| PB 0x0000000088900000| Untracked 
| 138|0x0000000088a00000, 0x0000000088b00000, 0x0000000088b00000|100%| O|  |TAMS 0x0000000088a00000| PB 0x0000000088a00000| Untracked 
| 139|0x0000000088b00000, 0x0000000088c00000, 0x0000000088c00000|100%| O|  |TAMS 0x0000000088b00000| PB 0x0000000088b00000| Untracked 
| 140|0x0000000088c00000, 0x0000000088d00000, 0x0000000088d00000|100%| O|  |TAMS 0x0000000088c00000| PB 0x0000000088c00000| Untracked 
| 141|0x0000000088d00000, 0x0000000088e00000, 0x0000000088e00000|100%| O|  |TAMS 0x0000000088d00000| PB 0x0000000088d00000| Untracked 
| 142|0x0000000088e00000, 0x0000000088f00000, 0x0000000088f00000|100%| O|  |TAMS 0x0000000088e00000| PB 0x0000000088e00000| Untracked 
| 143|0x0000000088f00000, 0x0000000089000000, 0x0000000089000000|100%| O|  |TAMS 0x0000000088f00000| PB 0x0000000088f00000| Untracked 
| 144|0x0000000089000000, 0x0000000089100000, 0x0000000089100000|100%| O|  |TAMS 0x0000000089000000| PB 0x0000000089000000| Untracked 
| 145|0x0000000089100000, 0x0000000089200000, 0x0000000089200000|100%| O|  |TAMS 0x0000000089100000| PB 0x0000000089100000| Untracked 
| 146|0x0000000089200000, 0x0000000089300000, 0x0000000089300000|100%| O|  |TAMS 0x0000000089200000| PB 0x0000000089200000| Untracked 
| 147|0x0000000089300000, 0x0000000089400000, 0x0000000089400000|100%| O|  |TAMS 0x0000000089300000| PB 0x0000000089300000| Untracked 
| 148|0x0000000089400000, 0x0000000089500000, 0x0000000089500000|100%| O|  |TAMS 0x0000000089400000| PB 0x0000000089400000| Untracked 
| 149|0x0000000089500000, 0x0000000089600000, 0x0000000089600000|100%|HS|  |TAMS 0x0000000089500000| PB 0x0000000089500000| Complete 
| 150|0x0000000089600000, 0x0000000089700000, 0x0000000089700000|100%|HC|  |TAMS 0x0000000089600000| PB 0x0000000089600000| Complete 
| 151|0x0000000089700000, 0x0000000089800000, 0x0000000089800000|100%|HS|  |TAMS 0x0000000089700000| PB 0x0000000089700000| Complete 
| 152|0x0000000089800000, 0x0000000089900000, 0x0000000089900000|100%|HC|  |TAMS 0x0000000089800000| PB 0x0000000089800000| Complete 
| 153|0x0000000089900000, 0x0000000089a00000, 0x0000000089a00000|100%|HS|  |TAMS 0x0000000089900000| PB 0x0000000089900000| Complete 
| 154|0x0000000089a00000, 0x0000000089b00000, 0x0000000089b00000|100%|HC|  |TAMS 0x0000000089a00000| PB 0x0000000089a00000| Complete 
| 155|0x0000000089b00000, 0x0000000089c00000, 0x0000000089c00000|100%|HS|  |TAMS 0x0000000089b00000| PB 0x0000000089b00000| Complete 
| 156|0x0000000089c00000, 0x0000000089d00000, 0x0000000089d00000|100%|HC|  |TAMS 0x0000000089c00000| PB 0x0000000089c00000| Complete 
| 157|0x0000000089d00000, 0x0000000089e00000, 0x0000000089e00000|100%|HS|  |TAMS 0x0000000089d00000| PB 0x0000000089d00000| Complete 
| 158|0x0000000089e00000, 0x0000000089f00000, 0x0000000089f00000|100%|HC|  |TAMS 0x0000000089e00000| PB 0x0000000089e00000| Complete 
| 159|0x0000000089f00000, 0x000000008a000000, 0x000000008a000000|100%|HS|  |TAMS 0x0000000089f00000| PB 0x0000000089f00000| Complete 
| 160|0x000000008a000000, 0x000000008a100000, 0x000000008a100000|100%|HC|  |TAMS 0x000000008a000000| PB 0x000000008a000000| Complete 
| 161|0x000000008a100000, 0x000000008a200000, 0x000000008a200000|100%|HS|  |TAMS 0x000000008a100000| PB 0x000000008a100000| Complete 
| 162|0x000000008a200000, 0x000000008a300000, 0x000000008a300000|100%|HC|  |TAMS 0x000000008a200000| PB 0x000000008a200000| Complete 
| 163|0x000000008a300000, 0x000000008a400000, 0x000000008a400000|100%|HS|  |TAMS 0x000000008a300000| PB 0x000000008a300000| Complete 
| 164|0x000000008a400000, 0x000000008a500000, 0x000000008a500000|100%|HC|  |TAMS 0x000000008a400000| PB 0x000000008a400000| Complete 
| 165|0x000000008a500000, 0x000000008a600000, 0x000000008a600000|100%| E|CS|TAMS 0x000000008a500000| PB 0x000000008a500000| Complete 
| 166|0x000000008a600000, 0x000000008a700000, 0x000000008a700000|100%| O|  |TAMS 0x000000008a600000| PB 0x000000008a600000| Untracked 
| 167|0x000000008a700000, 0x000000008a800000, 0x000000008a800000|100%| O|  |TAMS 0x000000008a700000| PB 0x000000008a700000| Untracked 
| 168|0x000000008a800000, 0x000000008a900000, 0x000000008a900000|100%| O|  |TAMS 0x000000008a800000| PB 0x000000008a800000| Untracked 
| 169|0x000000008a900000, 0x000000008aa00000, 0x000000008aa00000|100%| O|  |TAMS 0x000000008a900000| PB 0x000000008a900000| Untracked 
| 170|0x000000008aa00000, 0x000000008ab00000, 0x000000008ab00000|100%|HS|  |TAMS 0x000000008aa00000| PB 0x000000008aa00000| Complete 
| 171|0x000000008ab00000, 0x000000008ac00000, 0x000000008ac00000|100%|HC|  |TAMS 0x000000008ab00000| PB 0x000000008ab00000| Complete 
| 172|0x000000008ac00000, 0x000000008ad00000, 0x000000008ad00000|100%|HS|  |TAMS 0x000000008ac00000| PB 0x000000008ac00000| Complete 
| 173|0x000000008ad00000, 0x000000008ae00000, 0x000000008ae00000|100%|HC|  |TAMS 0x000000008ad00000| PB 0x000000008ad00000| Complete 
| 174|0x000000008ae00000, 0x000000008af00000, 0x000000008af00000|100%| E|CS|TAMS 0x000000008ae00000| PB 0x000000008ae00000| Complete 
| 175|0x000000008af00000, 0x000000008b000000, 0x000000008b000000|100%| O|  |TAMS 0x000000008af00000| PB 0x000000008af00000| Untracked 
| 176|0x000000008b000000, 0x000000008b100000, 0x000000008b100000|100%| O|  |TAMS 0x000000008b000000| PB 0x000000008b000000| Untracked 
| 177|0x000000008b100000, 0x000000008b200000, 0x000000008b200000|100%| O|  |TAMS 0x000000008b100000| PB 0x000000008b100000| Untracked 
| 178|0x000000008b200000, 0x000000008b300000, 0x000000008b300000|100%| O|  |TAMS 0x000000008b200000| PB 0x000000008b200000| Untracked 
| 179|0x000000008b300000, 0x000000008b400000, 0x000000008b400000|100%|HS|  |TAMS 0x000000008b300000| PB 0x000000008b300000| Complete 
| 180|0x000000008b400000, 0x000000008b500000, 0x000000008b500000|100%|HC|  |TAMS 0x000000008b400000| PB 0x000000008b400000| Complete 
| 181|0x000000008b500000, 0x000000008b600000, 0x000000008b600000|100%| O|CS|TAMS 0x000000008b500000| PB 0x000000008b500000| Complete 
| 182|0x000000008b600000, 0x000000008b700000, 0x000000008b700000|100%| O|  |TAMS 0x000000008b600000| PB 0x000000008b600000| Untracked 
| 183|0x000000008b700000, 0x000000008b800000, 0x000000008b800000|100%| O|  |TAMS 0x000000008b700000| PB 0x000000008b700000| Untracked 
| 184|0x000000008b800000, 0x000000008b900000, 0x000000008b900000|100%| O|  |TAMS 0x000000008b800000| PB 0x000000008b800000| Untracked 
| 185|0x000000008b900000, 0x000000008ba00000, 0x000000008ba00000|100%| O|  |TAMS 0x000000008b900000| PB 0x000000008b900000| Untracked 
| 186|0x000000008ba00000, 0x000000008bb00000, 0x000000008bb00000|100%| O|CS|TAMS 0x000000008ba00000| PB 0x000000008ba00000| Complete 
| 187|0x000000008bb00000, 0x000000008bc00000, 0x000000008bc00000|100%| O|  |TAMS 0x000000008bb00000| PB 0x000000008bb00000| Untracked 
| 188|0x000000008bc00000, 0x000000008bd00000, 0x000000008bd00000|100%|HS|  |TAMS 0x000000008bc00000| PB 0x000000008bc00000| Complete 
| 189|0x000000008bd00000, 0x000000008be00000, 0x000000008be00000|100%|HC|  |TAMS 0x000000008bd00000| PB 0x000000008bd00000| Complete 
| 190|0x000000008be00000, 0x000000008bf00000, 0x000000008bf00000|100%| E|CS|TAMS 0x000000008be00000| PB 0x000000008be00000| Complete 
| 191|0x000000008bf00000, 0x000000008c000000, 0x000000008c000000|100%| O|  |TAMS 0x000000008bf00000| PB 0x000000008bf00000| Untracked 
| 192|0x000000008c000000, 0x000000008c100000, 0x000000008c100000|100%|HS|  |TAMS 0x000000008c000000| PB 0x000000008c000000| Complete 
| 193|0x000000008c100000, 0x000000008c200000, 0x000000008c200000|100%|HC|  |TAMS 0x000000008c100000| PB 0x000000008c100000| Complete 
| 194|0x000000008c200000, 0x000000008c300000, 0x000000008c300000|100%| E|CS|TAMS 0x000000008c200000| PB 0x000000008c200000| Complete 
| 195|0x000000008c300000, 0x000000008c400000, 0x000000008c400000|100%| O|  |TAMS 0x000000008c300000| PB 0x000000008c300000| Untracked 
| 196|0x000000008c400000, 0x000000008c500000, 0x000000008c500000|100%|HS|  |TAMS 0x000000008c400000| PB 0x000000008c400000| Complete 
| 197|0x000000008c500000, 0x000000008c600000, 0x000000008c600000|100%|HC|  |TAMS 0x000000008c500000| PB 0x000000008c500000| Complete 
| 198|0x000000008c600000, 0x000000008c700000, 0x000000008c700000|100%|HS|  |TAMS 0x000000008c600000| PB 0x000000008c600000| Complete 
| 199|0x000000008c700000, 0x000000008c800000, 0x000000008c800000|100%|HC|  |TAMS 0x000000008c700000| PB 0x000000008c700000| Complete 
| 200|0x000000008c800000, 0x000000008c900000, 0x000000008c900000|100%|HS|  |TAMS 0x000000008c800000| PB 0x000000008c800000| Complete 
| 201|0x000000008c900000, 0x000000008ca00000, 0x000000008ca00000|100%|HC|  |TAMS 0x000000008c900000| PB 0x000000008c900000| Complete 
| 202|0x000000008ca00000, 0x000000008cb00000, 0x000000008cb00000|100%|HS|  |TAMS 0x000000008ca00000| PB 0x000000008ca00000| Complete 
| 203|0x000000008cb00000, 0x000000008cc00000, 0x000000008cc00000|100%|HC|  |TAMS 0x000000008cb00000| PB 0x000000008cb00000| Complete 
| 204|0x000000008cc00000, 0x000000008cd00000, 0x000000008cd00000|100%|HS|  |TAMS 0x000000008cc00000| PB 0x000000008cc00000| Complete 
| 205|0x000000008cd00000, 0x000000008ce00000, 0x000000008ce00000|100%|HC|  |TAMS 0x000000008cd00000| PB 0x000000008cd00000| Complete 
| 206|0x000000008ce00000, 0x000000008cf00000, 0x000000008cf00000|100%|HS|  |TAMS 0x000000008ce00000| PB 0x000000008ce00000| Complete 
| 207|0x000000008cf00000, 0x000000008d000000, 0x000000008d000000|100%|HC|  |TAMS 0x000000008cf00000| PB 0x000000008cf00000| Complete 
| 208|0x000000008d000000, 0x000000008d100000, 0x000000008d100000|100%|HS|  |TAMS 0x000000008d000000| PB 0x000000008d000000| Complete 
| 209|0x000000008d100000, 0x000000008d200000, 0x000000008d200000|100%|HC|  |TAMS 0x000000008d100000| PB 0x000000008d100000| Complete 
| 210|0x000000008d200000, 0x000000008d300000, 0x000000008d300000|100%|HS|  |TAMS 0x000000008d200000| PB 0x000000008d200000| Complete 
| 211|0x000000008d300000, 0x000000008d400000, 0x000000008d400000|100%|HC|  |TAMS 0x000000008d300000| PB 0x000000008d300000| Complete 
| 212|0x000000008d400000, 0x000000008d500000, 0x000000008d500000|100%|HS|  |TAMS 0x000000008d400000| PB 0x000000008d400000| Complete 
| 213|0x000000008d500000, 0x000000008d600000, 0x000000008d600000|100%|HC|  |TAMS 0x000000008d500000| PB 0x000000008d500000| Complete 
| 214|0x000000008d600000, 0x000000008d700000, 0x000000008d700000|100%|HS|  |TAMS 0x000000008d600000| PB 0x000000008d600000| Complete 
| 215|0x000000008d700000, 0x000000008d800000, 0x000000008d800000|100%|HC|  |TAMS 0x000000008d700000| PB 0x000000008d700000| Complete 
| 216|0x000000008d800000, 0x000000008d900000, 0x000000008d900000|100%|HS|  |TAMS 0x000000008d800000| PB 0x000000008d800000| Complete 
| 217|0x000000008d900000, 0x000000008da00000, 0x000000008da00000|100%|HC|  |TAMS 0x000000008d900000| PB 0x000000008d900000| Complete 
| 218|0x000000008da00000, 0x000000008db00000, 0x000000008db00000|100%|HS|  |TAMS 0x000000008da00000| PB 0x000000008da00000| Complete 
| 219|0x000000008db00000, 0x000000008dc00000, 0x000000008dc00000|100%|HC|  |TAMS 0x000000008db00000| PB 0x000000008db00000| Complete 
| 220|0x000000008dc00000, 0x000000008dd00000, 0x000000008dd00000|100%|HS|  |TAMS 0x000000008dc00000| PB 0x000000008dc00000| Complete 
| 221|0x000000008dd00000, 0x000000008de00000, 0x000000008de00000|100%|HC|  |TAMS 0x000000008dd00000| PB 0x000000008dd00000| Complete 
| 222|0x000000008de00000, 0x000000008df00000, 0x000000008df00000|100%|HS|  |TAMS 0x000000008de00000| PB 0x000000008de00000| Complete 
| 223|0x000000008df00000, 0x000000008e000000, 0x000000008e000000|100%|HC|  |TAMS 0x000000008df00000| PB 0x000000008df00000| Complete 
| 224|0x000000008e000000, 0x000000008e100000, 0x000000008e100000|100%|HS|  |TAMS 0x000000008e000000| PB 0x000000008e000000| Complete 
| 225|0x000000008e100000, 0x000000008e200000, 0x000000008e200000|100%|HC|  |TAMS 0x000000008e100000| PB 0x000000008e100000| Complete 
| 226|0x000000008e200000, 0x000000008e300000, 0x000000008e300000|100%|HS|  |TAMS 0x000000008e200000| PB 0x000000008e200000| Complete 
| 227|0x000000008e300000, 0x000000008e400000, 0x000000008e400000|100%|HC|  |TAMS 0x000000008e300000| PB 0x000000008e300000| Complete 
| 228|0x000000008e400000, 0x000000008e500000, 0x000000008e500000|100%|HS|  |TAMS 0x000000008e400000| PB 0x000000008e400000| Complete 
| 229|0x000000008e500000, 0x000000008e600000, 0x000000008e600000|100%|HC|  |TAMS 0x000000008e500000| PB 0x000000008e500000| Complete 
| 230|0x000000008e600000, 0x000000008e700000, 0x000000008e700000|100%|HS|  |TAMS 0x000000008e600000| PB 0x000000008e600000| Complete 
| 231|0x000000008e700000, 0x000000008e800000, 0x000000008e800000|100%|HC|  |TAMS 0x000000008e700000| PB 0x000000008e700000| Complete 
| 232|0x000000008e800000, 0x000000008e900000, 0x000000008e900000|100%|HS|  |TAMS 0x000000008e800000| PB 0x000000008e800000| Complete 
| 233|0x000000008e900000, 0x000000008ea00000, 0x000000008ea00000|100%|HC|  |TAMS 0x000000008e900000| PB 0x000000008e900000| Complete 
| 234|0x000000008ea00000, 0x000000008eb00000, 0x000000008eb00000|100%|HS|  |TAMS 0x000000008ea00000| PB 0x000000008ea00000| Complete 
| 235|0x000000008eb00000, 0x000000008ec00000, 0x000000008ec00000|100%|HC|  |TAMS 0x000000008eb00000| PB 0x000000008eb00000| Complete 
| 236|0x000000008ec00000, 0x000000008ed00000, 0x000000008ed00000|100%|HS|  |TAMS 0x000000008ec00000| PB 0x000000008ec00000| Complete 
| 237|0x000000008ed00000, 0x000000008ee00000, 0x000000008ee00000|100%|HC|  |TAMS 0x000000008ed00000| PB 0x000000008ed00000| Complete 
| 238|0x000000008ee00000, 0x000000008ef00000, 0x000000008ef00000|100%|HS|  |TAMS 0x000000008ee00000| PB 0x000000008ee00000| Complete 
| 239|0x000000008ef00000, 0x000000008f000000, 0x000000008f000000|100%|HC|  |TAMS 0x000000008ef00000| PB 0x000000008ef00000| Complete 
| 240|0x000000008f000000, 0x000000008f100000, 0x000000008f100000|100%|HS|  |TAMS 0x000000008f000000| PB 0x000000008f000000| Complete 
| 241|0x000000008f100000, 0x000000008f200000, 0x000000008f200000|100%|HC|  |TAMS 0x000000008f100000| PB 0x000000008f100000| Complete 
| 242|0x000000008f200000, 0x000000008f300000, 0x000000008f300000|100%|HS|  |TAMS 0x000000008f200000| PB 0x000000008f200000| Complete 
| 243|0x000000008f300000, 0x000000008f400000, 0x000000008f400000|100%|HC|  |TAMS 0x000000008f300000| PB 0x000000008f300000| Complete 
| 244|0x000000008f400000, 0x000000008f500000, 0x000000008f500000|100%|HS|  |TAMS 0x000000008f400000| PB 0x000000008f400000| Complete 
| 245|0x000000008f500000, 0x000000008f600000, 0x000000008f600000|100%|HC|  |TAMS 0x000000008f500000| PB 0x000000008f500000| Complete 
| 246|0x000000008f600000, 0x000000008f700000, 0x000000008f700000|100%|HS|  |TAMS 0x000000008f600000| PB 0x000000008f600000| Complete 
| 247|0x000000008f700000, 0x000000008f800000, 0x000000008f800000|100%|HC|  |TAMS 0x000000008f700000| PB 0x000000008f700000| Complete 
| 248|0x000000008f800000, 0x000000008f900000, 0x000000008f900000|100%|HS|  |TAMS 0x000000008f800000| PB 0x000000008f800000| Complete 
| 249|0x000000008f900000, 0x000000008fa00000, 0x000000008fa00000|100%|HC|  |TAMS 0x000000008f900000| PB 0x000000008f900000| Complete 
| 250|0x000000008fa00000, 0x000000008fb00000, 0x000000008fb00000|100%|HS|  |TAMS 0x000000008fa00000| PB 0x000000008fa00000| Complete 
| 251|0x000000008fb00000, 0x000000008fc00000, 0x000000008fc00000|100%|HC|  |TAMS 0x000000008fb00000| PB 0x000000008fb00000| Complete 
| 252|0x000000008fc00000, 0x000000008fd00000, 0x000000008fd00000|100%|HS|  |TAMS 0x000000008fc00000| PB 0x000000008fc00000| Complete 
| 253|0x000000008fd00000, 0x000000008fe00000, 0x000000008fe00000|100%|HC|  |TAMS 0x000000008fd00000| PB 0x000000008fd00000| Complete 
| 254|0x000000008fe00000, 0x000000008ff00000, 0x000000008ff00000|100%|HS|  |TAMS 0x000000008fe00000| PB 0x000000008fe00000| Complete 
| 255|0x000000008ff00000, 0x0000000090000000, 0x0000000090000000|100%|HC|  |TAMS 0x000000008ff00000| PB 0x000000008ff00000| Complete 
| 256|0x0000000090000000, 0x0000000090100000, 0x0000000090100000|100%|HS|  |TAMS 0x0000000090000000| PB 0x0000000090000000| Complete 
| 257|0x0000000090100000, 0x0000000090200000, 0x0000000090200000|100%|HC|  |TAMS 0x0000000090100000| PB 0x0000000090100000| Complete 
| 258|0x0000000090200000, 0x0000000090300000, 0x0000000090300000|100%|HS|  |TAMS 0x0000000090200000| PB 0x0000000090200000| Complete 
| 259|0x0000000090300000, 0x0000000090400000, 0x0000000090400000|100%|HC|  |TAMS 0x0000000090300000| PB 0x0000000090300000| Complete 
| 260|0x0000000090400000, 0x0000000090500000, 0x0000000090500000|100%|HS|  |TAMS 0x0000000090400000| PB 0x0000000090400000| Complete 
| 261|0x0000000090500000, 0x0000000090600000, 0x0000000090600000|100%|HC|  |TAMS 0x0000000090500000| PB 0x0000000090500000| Complete 
| 262|0x0000000090600000, 0x0000000090700000, 0x0000000090700000|100%|HS|  |TAMS 0x0000000090600000| PB 0x0000000090600000| Complete 
| 263|0x0000000090700000, 0x0000000090800000, 0x0000000090800000|100%|HC|  |TAMS 0x0000000090700000| PB 0x0000000090700000| Complete 
| 264|0x0000000090800000, 0x0000000090900000, 0x0000000090900000|100%|HS|  |TAMS 0x0000000090800000| PB 0x0000000090800000| Complete 
| 265|0x0000000090900000, 0x0000000090a00000, 0x0000000090a00000|100%|HC|  |TAMS 0x0000000090900000| PB 0x0000000090900000| Complete 
| 266|0x0000000090a00000, 0x0000000090b00000, 0x0000000090b00000|100%|HS|  |TAMS 0x0000000090a00000| PB 0x0000000090a00000| Complete 
| 267|0x0000000090b00000, 0x0000000090c00000, 0x0000000090c00000|100%|HC|  |TAMS 0x0000000090b00000| PB 0x0000000090b00000| Complete 
| 268|0x0000000090c00000, 0x0000000090d00000, 0x0000000090d00000|100%|HS|  |TAMS 0x0000000090c00000| PB 0x0000000090c00000| Complete 
| 269|0x0000000090d00000, 0x0000000090e00000, 0x0000000090e00000|100%|HC|  |TAMS 0x0000000090d00000| PB 0x0000000090d00000| Complete 
| 270|0x0000000090e00000, 0x0000000090f00000, 0x0000000090f00000|100%|HS|  |TAMS 0x0000000090e00000| PB 0x0000000090e00000| Complete 
| 271|0x0000000090f00000, 0x0000000091000000, 0x0000000091000000|100%|HC|  |TAMS 0x0000000090f00000| PB 0x0000000090f00000| Complete 
| 272|0x0000000091000000, 0x0000000091100000, 0x0000000091100000|100%|HS|  |TAMS 0x0000000091000000| PB 0x0000000091000000| Complete 
| 273|0x0000000091100000, 0x0000000091200000, 0x0000000091200000|100%|HC|  |TAMS 0x0000000091100000| PB 0x0000000091100000| Complete 
| 274|0x0000000091200000, 0x0000000091300000, 0x0000000091300000|100%|HS|  |TAMS 0x0000000091200000| PB 0x0000000091200000| Complete 
| 275|0x0000000091300000, 0x0000000091400000, 0x0000000091400000|100%|HC|  |TAMS 0x0000000091300000| PB 0x0000000091300000| Complete 
| 276|0x0000000091400000, 0x0000000091500000, 0x0000000091500000|100%|HS|  |TAMS 0x0000000091400000| PB 0x0000000091400000| Complete 
| 277|0x0000000091500000, 0x0000000091600000, 0x0000000091600000|100%|HC|  |TAMS 0x0000000091500000| PB 0x0000000091500000| Complete 
| 278|0x0000000091600000, 0x0000000091700000, 0x0000000091700000|100%| E|CS|TAMS 0x0000000091600000| PB 0x0000000091600000| Complete 
| 279|0x0000000091700000, 0x0000000091800000, 0x0000000091800000|100%| E|CS|TAMS 0x0000000091700000| PB 0x0000000091700000| Complete 
| 280|0x0000000091800000, 0x0000000091900000, 0x0000000091900000|100%| E|CS|TAMS 0x0000000091800000| PB 0x0000000091800000| Complete 
| 281|0x0000000091900000, 0x0000000091a00000, 0x0000000091a00000|100%| E|CS|TAMS 0x0000000091900000| PB 0x0000000091900000| Complete 
| 282|0x0000000091a00000, 0x0000000091b00000, 0x0000000091b00000|100%| E|CS|TAMS 0x0000000091a00000| PB 0x0000000091a00000| Complete 
| 283|0x0000000091b00000, 0x0000000091c00000, 0x0000000091c00000|100%| E|CS|TAMS 0x0000000091b00000| PB 0x0000000091b00000| Complete 
| 284|0x0000000091c00000, 0x0000000091d00000, 0x0000000091d00000|100%| E|CS|TAMS 0x0000000091c00000| PB 0x0000000091c00000| Complete 
| 285|0x0000000091d00000, 0x0000000091e00000, 0x0000000091e00000|100%| E|CS|TAMS 0x0000000091d00000| PB 0x0000000091d00000| Complete 
| 286|0x0000000091e00000, 0x0000000091f00000, 0x0000000091f00000|100%| E|CS|TAMS 0x0000000091e00000| PB 0x0000000091e00000| Complete 
| 287|0x0000000091f00000, 0x0000000092000000, 0x0000000092000000|100%| E|CS|TAMS 0x0000000091f00000| PB 0x0000000091f00000| Complete 
| 288|0x0000000092000000, 0x0000000092100000, 0x0000000092100000|100%| E|CS|TAMS 0x0000000092000000| PB 0x0000000092000000| Complete 
| 289|0x0000000092100000, 0x0000000092200000, 0x0000000092200000|100%| E|CS|TAMS 0x0000000092100000| PB 0x0000000092100000| Complete 
| 290|0x0000000092200000, 0x0000000092300000, 0x0000000092300000|100%| E|CS|TAMS 0x0000000092200000| PB 0x0000000092200000| Complete 
| 291|0x0000000092300000, 0x0000000092400000, 0x0000000092400000|100%| E|CS|TAMS 0x0000000092300000| PB 0x0000000092300000| Complete 
| 292|0x0000000092400000, 0x0000000092500000, 0x0000000092500000|100%| E|CS|TAMS 0x0000000092400000| PB 0x0000000092400000| Complete 
| 293|0x0000000092500000, 0x0000000092600000, 0x0000000092600000|100%| E|CS|TAMS 0x0000000092500000| PB 0x0000000092500000| Complete 
| 294|0x0000000092600000, 0x0000000092700000, 0x0000000092700000|100%| E|CS|TAMS 0x0000000092600000| PB 0x0000000092600000| Complete 
| 295|0x0000000092700000, 0x0000000092800000, 0x0000000092800000|100%| E|CS|TAMS 0x0000000092700000| PB 0x0000000092700000| Complete 
| 296|0x0000000092800000, 0x0000000092900000, 0x0000000092900000|100%| E|CS|TAMS 0x0000000092800000| PB 0x0000000092800000| Complete 
| 297|0x0000000092900000, 0x0000000092a00000, 0x0000000092a00000|100%| E|CS|TAMS 0x0000000092900000| PB 0x0000000092900000| Complete 
| 298|0x0000000092a00000, 0x0000000092b00000, 0x0000000092b00000|100%| E|CS|TAMS 0x0000000092a00000| PB 0x0000000092a00000| Complete 
| 299|0x0000000092b00000, 0x0000000092c00000, 0x0000000092c00000|100%| E|CS|TAMS 0x0000000092b00000| PB 0x0000000092b00000| Complete 
| 300|0x0000000092c00000, 0x0000000092d00000, 0x0000000092d00000|100%| E|CS|TAMS 0x0000000092c00000| PB 0x0000000092c00000| Complete 
| 301|0x0000000092d00000, 0x0000000092e00000, 0x0000000092e00000|100%| E|CS|TAMS 0x0000000092d00000| PB 0x0000000092d00000| Complete 
| 302|0x0000000092e00000, 0x0000000092f00000, 0x0000000092f00000|100%| E|CS|TAMS 0x0000000092e00000| PB 0x0000000092e00000| Complete 
| 303|0x0000000092f00000, 0x0000000093000000, 0x0000000093000000|100%| E|CS|TAMS 0x0000000092f00000| PB 0x0000000092f00000| Complete 
| 304|0x0000000093000000, 0x0000000093100000, 0x0000000093100000|100%| E|CS|TAMS 0x0000000093000000| PB 0x0000000093000000| Complete 
| 305|0x0000000093100000, 0x0000000093200000, 0x0000000093200000|100%| E|CS|TAMS 0x0000000093100000| PB 0x0000000093100000| Complete 
| 306|0x0000000093200000, 0x0000000093300000, 0x0000000093300000|100%| E|CS|TAMS 0x0000000093200000| PB 0x0000000093200000| Complete 
| 307|0x0000000093300000, 0x0000000093400000, 0x0000000093400000|100%| E|CS|TAMS 0x0000000093300000| PB 0x0000000093300000| Complete 
| 308|0x0000000093400000, 0x0000000093500000, 0x0000000093500000|100%| E|CS|TAMS 0x0000000093400000| PB 0x0000000093400000| Complete 
| 309|0x0000000093500000, 0x0000000093600000, 0x0000000093600000|100%| E|CS|TAMS 0x0000000093500000| PB 0x0000000093500000| Complete 
| 310|0x0000000093600000, 0x0000000093700000, 0x0000000093700000|100%| E|CS|TAMS 0x0000000093600000| PB 0x0000000093600000| Complete 
| 311|0x0000000093700000, 0x0000000093800000, 0x0000000093800000|100%| E|CS|TAMS 0x0000000093700000| PB 0x0000000093700000| Complete 
| 312|0x0000000093800000, 0x0000000093900000, 0x0000000093900000|100%| E|CS|TAMS 0x0000000093800000| PB 0x0000000093800000| Complete 
| 313|0x0000000093900000, 0x0000000093a00000, 0x0000000093a00000|100%| E|CS|TAMS 0x0000000093900000| PB 0x0000000093900000| Complete 
| 314|0x0000000093a00000, 0x0000000093b00000, 0x0000000093b00000|100%| E|CS|TAMS 0x0000000093a00000| PB 0x0000000093a00000| Complete 
| 315|0x0000000093b00000, 0x0000000093c00000, 0x0000000093c00000|100%| E|CS|TAMS 0x0000000093b00000| PB 0x0000000093b00000| Complete 
| 316|0x0000000093c00000, 0x0000000093d00000, 0x0000000093d00000|100%| E|CS|TAMS 0x0000000093c00000| PB 0x0000000093c00000| Complete 
| 317|0x0000000093d00000, 0x0000000093e00000, 0x0000000093e00000|100%| E|CS|TAMS 0x0000000093d00000| PB 0x0000000093d00000| Complete 
| 318|0x0000000093e00000, 0x0000000093f00000, 0x0000000093f00000|100%| E|CS|TAMS 0x0000000093e00000| PB 0x0000000093e00000| Complete 
| 319|0x0000000093f00000, 0x0000000094000000, 0x0000000094000000|100%| E|CS|TAMS 0x0000000093f00000| PB 0x0000000093f00000| Complete 
| 320|0x0000000094000000, 0x0000000094100000, 0x0000000094100000|100%| E|CS|TAMS 0x0000000094000000| PB 0x0000000094000000| Complete 
| 321|0x0000000094100000, 0x0000000094200000, 0x0000000094200000|100%| E|CS|TAMS 0x0000000094100000| PB 0x0000000094100000| Complete 
| 322|0x0000000094200000, 0x0000000094300000, 0x0000000094300000|100%| E|CS|TAMS 0x0000000094200000| PB 0x0000000094200000| Complete 
| 323|0x0000000094300000, 0x0000000094400000, 0x0000000094400000|100%| E|CS|TAMS 0x0000000094300000| PB 0x0000000094300000| Complete 
| 324|0x0000000094400000, 0x0000000094500000, 0x0000000094500000|100%| E|CS|TAMS 0x0000000094400000| PB 0x0000000094400000| Complete 
| 325|0x0000000094500000, 0x0000000094600000, 0x0000000094600000|100%| E|CS|TAMS 0x0000000094500000| PB 0x0000000094500000| Complete 
| 326|0x0000000094600000, 0x0000000094700000, 0x0000000094700000|100%| E|CS|TAMS 0x0000000094600000| PB 0x0000000094600000| Complete 
| 327|0x0000000094700000, 0x0000000094800000, 0x0000000094800000|100%| E|CS|TAMS 0x0000000094700000| PB 0x0000000094700000| Complete 
| 328|0x0000000094800000, 0x0000000094900000, 0x0000000094900000|100%| E|CS|TAMS 0x0000000094800000| PB 0x0000000094800000| Complete 
| 329|0x0000000094900000, 0x0000000094a00000, 0x0000000094a00000|100%| E|CS|TAMS 0x0000000094900000| PB 0x0000000094900000| Complete 
| 330|0x0000000094a00000, 0x0000000094b00000, 0x0000000094b00000|100%| E|CS|TAMS 0x0000000094a00000| PB 0x0000000094a00000| Complete 
| 331|0x0000000094b00000, 0x0000000094c00000, 0x0000000094c00000|100%| E|CS|TAMS 0x0000000094b00000| PB 0x0000000094b00000| Complete 
| 332|0x0000000094c00000, 0x0000000094d00000, 0x0000000094d00000|100%| E|CS|TAMS 0x0000000094c00000| PB 0x0000000094c00000| Complete 
| 333|0x0000000094d00000, 0x0000000094e00000, 0x0000000094e00000|100%| E|CS|TAMS 0x0000000094d00000| PB 0x0000000094d00000| Complete 
| 334|0x0000000094e00000, 0x0000000094f00000, 0x0000000094f00000|100%| E|CS|TAMS 0x0000000094e00000| PB 0x0000000094e00000| Complete 
| 335|0x0000000094f00000, 0x0000000095000000, 0x0000000095000000|100%| E|CS|TAMS 0x0000000094f00000| PB 0x0000000094f00000| Complete 
| 336|0x0000000095000000, 0x0000000095100000, 0x0000000095100000|100%| E|CS|TAMS 0x0000000095000000| PB 0x0000000095000000| Complete 
| 337|0x0000000095100000, 0x0000000095200000, 0x0000000095200000|100%| E|CS|TAMS 0x0000000095100000| PB 0x0000000095100000| Complete 
| 338|0x0000000095200000, 0x0000000095300000, 0x0000000095300000|100%| E|CS|TAMS 0x0000000095200000| PB 0x0000000095200000| Complete 
| 339|0x0000000095300000, 0x0000000095400000, 0x0000000095400000|100%| E|CS|TAMS 0x0000000095300000| PB 0x0000000095300000| Complete 
| 340|0x0000000095400000, 0x0000000095500000, 0x0000000095500000|100%| E|CS|TAMS 0x0000000095400000| PB 0x0000000095400000| Complete 
| 341|0x0000000095500000, 0x0000000095600000, 0x0000000095600000|100%| E|CS|TAMS 0x0000000095500000| PB 0x0000000095500000| Complete 
| 342|0x0000000095600000, 0x0000000095700000, 0x0000000095700000|100%| E|CS|TAMS 0x0000000095600000| PB 0x0000000095600000| Complete 
| 343|0x0000000095700000, 0x0000000095800000, 0x0000000095800000|100%| E|CS|TAMS 0x0000000095700000| PB 0x0000000095700000| Complete 
| 344|0x0000000095800000, 0x0000000095900000, 0x0000000095900000|100%| E|CS|TAMS 0x0000000095800000| PB 0x0000000095800000| Complete 
| 345|0x0000000095900000, 0x0000000095a00000, 0x0000000095a00000|100%| E|CS|TAMS 0x0000000095900000| PB 0x0000000095900000| Complete 
| 346|0x0000000095a00000, 0x0000000095b00000, 0x0000000095b00000|100%| E|CS|TAMS 0x0000000095a00000| PB 0x0000000095a00000| Complete 
| 347|0x0000000095b00000, 0x0000000095c00000, 0x0000000095c00000|100%| E|CS|TAMS 0x0000000095b00000| PB 0x0000000095b00000| Complete 
| 348|0x0000000095c00000, 0x0000000095d00000, 0x0000000095d00000|100%| E|CS|TAMS 0x0000000095c00000| PB 0x0000000095c00000| Complete 
| 349|0x0000000095d00000, 0x0000000095e00000, 0x0000000095e00000|100%| E|CS|TAMS 0x0000000095d00000| PB 0x0000000095d00000| Complete 
| 350|0x0000000095e00000, 0x0000000095f00000, 0x0000000095f00000|100%| E|CS|TAMS 0x0000000095e00000| PB 0x0000000095e00000| Complete 
| 351|0x0000000095f00000, 0x0000000096000000, 0x0000000096000000|100%| E|CS|TAMS 0x0000000095f00000| PB 0x0000000095f00000| Complete 
| 352|0x0000000096000000, 0x0000000096100000, 0x0000000096100000|100%| E|CS|TAMS 0x0000000096000000| PB 0x0000000096000000| Complete 
| 353|0x0000000096100000, 0x0000000096200000, 0x0000000096200000|100%| E|CS|TAMS 0x0000000096100000| PB 0x0000000096100000| Complete 
| 354|0x0000000096200000, 0x0000000096300000, 0x0000000096300000|100%| E|CS|TAMS 0x0000000096200000| PB 0x0000000096200000| Complete 
| 355|0x0000000096300000, 0x0000000096400000, 0x0000000096400000|100%| E|CS|TAMS 0x0000000096300000| PB 0x0000000096300000| Complete 
| 356|0x0000000096400000, 0x0000000096500000, 0x0000000096500000|100%| E|CS|TAMS 0x0000000096400000| PB 0x0000000096400000| Complete 
| 357|0x0000000096500000, 0x0000000096600000, 0x0000000096600000|100%| E|CS|TAMS 0x0000000096500000| PB 0x0000000096500000| Complete 
| 358|0x0000000096600000, 0x0000000096700000, 0x0000000096700000|100%| E|CS|TAMS 0x0000000096600000| PB 0x0000000096600000| Complete 
| 359|0x0000000096700000, 0x0000000096800000, 0x0000000096800000|100%| E|CS|TAMS 0x0000000096700000| PB 0x0000000096700000| Complete 
| 360|0x0000000096800000, 0x0000000096900000, 0x0000000096900000|100%| E|CS|TAMS 0x0000000096800000| PB 0x0000000096800000| Complete 
| 361|0x0000000096900000, 0x0000000096a00000, 0x0000000096a00000|100%| E|CS|TAMS 0x0000000096900000| PB 0x0000000096900000| Complete 
| 362|0x0000000096a00000, 0x0000000096b00000, 0x0000000096b00000|100%| E|CS|TAMS 0x0000000096a00000| PB 0x0000000096a00000| Complete 
| 363|0x0000000096b00000, 0x0000000096c00000, 0x0000000096c00000|100%| E|CS|TAMS 0x0000000096b00000| PB 0x0000000096b00000| Complete 
| 364|0x0000000096c00000, 0x0000000096d00000, 0x0000000096d00000|100%| E|CS|TAMS 0x0000000096c00000| PB 0x0000000096c00000| Complete 
| 365|0x0000000096d00000, 0x0000000096e00000, 0x0000000096e00000|100%| E|CS|TAMS 0x0000000096d00000| PB 0x0000000096d00000| Complete 
| 366|0x0000000096e00000, 0x0000000096f00000, 0x0000000096f00000|100%| E|CS|TAMS 0x0000000096e00000| PB 0x0000000096e00000| Complete 
| 367|0x0000000096f00000, 0x0000000097000000, 0x0000000097000000|100%| E|CS|TAMS 0x0000000096f00000| PB 0x0000000096f00000| Complete 
| 368|0x0000000097000000, 0x0000000097100000, 0x0000000097100000|100%| E|CS|TAMS 0x0000000097000000| PB 0x0000000097000000| Complete 
| 369|0x0000000097100000, 0x0000000097200000, 0x0000000097200000|100%| E|CS|TAMS 0x0000000097100000| PB 0x0000000097100000| Complete 
| 370|0x0000000097200000, 0x0000000097300000, 0x0000000097300000|100%| E|CS|TAMS 0x0000000097200000| PB 0x0000000097200000| Complete 
| 371|0x0000000097300000, 0x0000000097400000, 0x0000000097400000|100%| E|CS|TAMS 0x0000000097300000| PB 0x0000000097300000| Complete 
| 372|0x0000000097400000, 0x0000000097500000, 0x0000000097500000|100%| E|CS|TAMS 0x0000000097400000| PB 0x0000000097400000| Complete 
| 373|0x0000000097500000, 0x0000000097600000, 0x0000000097600000|100%| E|CS|TAMS 0x0000000097500000| PB 0x0000000097500000| Complete 
| 374|0x0000000097600000, 0x0000000097700000, 0x0000000097700000|100%| E|CS|TAMS 0x0000000097600000| PB 0x0000000097600000| Complete 
| 375|0x0000000097700000, 0x0000000097800000, 0x0000000097800000|100%| E|CS|TAMS 0x0000000097700000| PB 0x0000000097700000| Complete 
| 376|0x0000000097800000, 0x0000000097900000, 0x0000000097900000|100%| E|CS|TAMS 0x0000000097800000| PB 0x0000000097800000| Complete 
| 377|0x0000000097900000, 0x0000000097a00000, 0x0000000097a00000|100%| E|CS|TAMS 0x0000000097900000| PB 0x0000000097900000| Complete 
| 378|0x0000000097a00000, 0x0000000097b00000, 0x0000000097b00000|100%| E|CS|TAMS 0x0000000097a00000| PB 0x0000000097a00000| Complete 
| 379|0x0000000097b00000, 0x0000000097c00000, 0x0000000097c00000|100%| E|CS|TAMS 0x0000000097b00000| PB 0x0000000097b00000| Complete 
| 380|0x0000000097c00000, 0x0000000097d00000, 0x0000000097d00000|100%| E|CS|TAMS 0x0000000097c00000| PB 0x0000000097c00000| Complete 
| 381|0x0000000097d00000, 0x0000000097e00000, 0x0000000097e00000|100%| E|CS|TAMS 0x0000000097d00000| PB 0x0000000097d00000| Complete 
| 382|0x0000000097e00000, 0x0000000097f00000, 0x0000000097f00000|100%| E|CS|TAMS 0x0000000097e00000| PB 0x0000000097e00000| Complete 
| 383|0x0000000097f00000, 0x0000000098000000, 0x0000000098000000|100%| E|CS|TAMS 0x0000000097f00000| PB 0x0000000097f00000| Complete 
| 384|0x0000000098000000, 0x0000000098100000, 0x0000000098100000|100%| E|CS|TAMS 0x0000000098000000| PB 0x0000000098000000| Complete 
| 385|0x0000000098100000, 0x0000000098200000, 0x0000000098200000|100%| E|CS|TAMS 0x0000000098100000| PB 0x0000000098100000| Complete 
| 386|0x0000000098200000, 0x0000000098300000, 0x0000000098300000|100%| E|CS|TAMS 0x0000000098200000| PB 0x0000000098200000| Complete 
| 387|0x0000000098300000, 0x0000000098400000, 0x0000000098400000|100%| E|CS|TAMS 0x0000000098300000| PB 0x0000000098300000| Complete 
| 388|0x0000000098400000, 0x0000000098500000, 0x0000000098500000|100%| E|CS|TAMS 0x0000000098400000| PB 0x0000000098400000| Complete 
| 389|0x0000000098500000, 0x0000000098600000, 0x0000000098600000|100%| E|CS|TAMS 0x0000000098500000| PB 0x0000000098500000| Complete 
| 390|0x0000000098600000, 0x0000000098700000, 0x0000000098700000|100%| E|CS|TAMS 0x0000000098600000| PB 0x0000000098600000| Complete 
| 391|0x0000000098700000, 0x0000000098800000, 0x0000000098800000|100%| E|CS|TAMS 0x0000000098700000| PB 0x0000000098700000| Complete 
| 392|0x0000000098800000, 0x0000000098900000, 0x0000000098900000|100%| E|CS|TAMS 0x0000000098800000| PB 0x0000000098800000| Complete 
| 393|0x0000000098900000, 0x0000000098a00000, 0x0000000098a00000|100%| E|CS|TAMS 0x0000000098900000| PB 0x0000000098900000| Complete 
| 394|0x0000000098a00000, 0x0000000098b00000, 0x0000000098b00000|100%| E|CS|TAMS 0x0000000098a00000| PB 0x0000000098a00000| Complete 
| 395|0x0000000098b00000, 0x0000000098c00000, 0x0000000098c00000|100%| E|CS|TAMS 0x0000000098b00000| PB 0x0000000098b00000| Complete 
| 396|0x0000000098c00000, 0x0000000098d00000, 0x0000000098d00000|100%| E|CS|TAMS 0x0000000098c00000| PB 0x0000000098c00000| Complete 
| 397|0x0000000098d00000, 0x0000000098e00000, 0x0000000098e00000|100%| E|CS|TAMS 0x0000000098d00000| PB 0x0000000098d00000| Complete 
| 398|0x0000000098e00000, 0x0000000098f00000, 0x0000000098f00000|100%| E|CS|TAMS 0x0000000098e00000| PB 0x0000000098e00000| Complete 
| 399|0x0000000098f00000, 0x0000000099000000, 0x0000000099000000|100%| E|CS|TAMS 0x0000000098f00000| PB 0x0000000098f00000| Complete 
| 400|0x0000000099000000, 0x0000000099100000, 0x0000000099100000|100%| E|CS|TAMS 0x0000000099000000| PB 0x0000000099000000| Complete 
| 401|0x0000000099100000, 0x0000000099200000, 0x0000000099200000|100%| E|CS|TAMS 0x0000000099100000| PB 0x0000000099100000| Complete 
| 402|0x0000000099200000, 0x0000000099300000, 0x0000000099300000|100%| E|CS|TAMS 0x0000000099200000| PB 0x0000000099200000| Complete 
| 403|0x0000000099300000, 0x0000000099400000, 0x0000000099400000|100%| E|CS|TAMS 0x0000000099300000| PB 0x0000000099300000| Complete 
| 404|0x0000000099400000, 0x0000000099500000, 0x0000000099500000|100%| E|CS|TAMS 0x0000000099400000| PB 0x0000000099400000| Complete 
| 405|0x0000000099500000, 0x0000000099600000, 0x0000000099600000|100%| E|CS|TAMS 0x0000000099500000| PB 0x0000000099500000| Complete 
| 406|0x0000000099600000, 0x0000000099700000, 0x0000000099700000|100%| E|CS|TAMS 0x0000000099600000| PB 0x0000000099600000| Complete 
| 407|0x0000000099700000, 0x0000000099800000, 0x0000000099800000|100%| E|CS|TAMS 0x0000000099700000| PB 0x0000000099700000| Complete 
| 408|0x0000000099800000, 0x0000000099900000, 0x0000000099900000|100%| E|CS|TAMS 0x0000000099800000| PB 0x0000000099800000| Complete 
| 409|0x0000000099900000, 0x0000000099a00000, 0x0000000099a00000|100%| E|CS|TAMS 0x0000000099900000| PB 0x0000000099900000| Complete 
| 410|0x0000000099a00000, 0x0000000099b00000, 0x0000000099b00000|100%| E|CS|TAMS 0x0000000099a00000| PB 0x0000000099a00000| Complete 
| 411|0x0000000099b00000, 0x0000000099c00000, 0x0000000099c00000|100%| E|CS|TAMS 0x0000000099b00000| PB 0x0000000099b00000| Complete 
| 412|0x0000000099c00000, 0x0000000099d00000, 0x0000000099d00000|100%| E|CS|TAMS 0x0000000099c00000| PB 0x0000000099c00000| Complete 
| 413|0x0000000099d00000, 0x0000000099e00000, 0x0000000099e00000|100%| E|CS|TAMS 0x0000000099d00000| PB 0x0000000099d00000| Complete 
| 414|0x0000000099e00000, 0x0000000099f00000, 0x0000000099f00000|100%| E|CS|TAMS 0x0000000099e00000| PB 0x0000000099e00000| Complete 
| 415|0x0000000099f00000, 0x000000009a000000, 0x000000009a000000|100%| E|CS|TAMS 0x0000000099f00000| PB 0x0000000099f00000| Complete 
| 416|0x000000009a000000, 0x000000009a100000, 0x000000009a100000|100%| E|CS|TAMS 0x000000009a000000| PB 0x000000009a000000| Complete 
| 417|0x000000009a100000, 0x000000009a200000, 0x000000009a200000|100%| E|CS|TAMS 0x000000009a100000| PB 0x000000009a100000| Complete 
| 418|0x000000009a200000, 0x000000009a300000, 0x000000009a300000|100%| E|CS|TAMS 0x000000009a200000| PB 0x000000009a200000| Complete 
| 419|0x000000009a300000, 0x000000009a400000, 0x000000009a400000|100%| E|CS|TAMS 0x000000009a300000| PB 0x000000009a300000| Complete 
| 420|0x000000009a400000, 0x000000009a500000, 0x000000009a500000|100%| E|CS|TAMS 0x000000009a400000| PB 0x000000009a400000| Complete 
| 421|0x000000009a500000, 0x000000009a600000, 0x000000009a600000|100%| E|CS|TAMS 0x000000009a500000| PB 0x000000009a500000| Complete 
| 422|0x000000009a600000, 0x000000009a6ffff8, 0x000000009a700000| 99%| E|CS|TAMS 0x000000009a600000| PB 0x000000009a600000| Complete 
| 423|0x000000009a700000, 0x000000009a800000, 0x000000009a800000|100%| E|CS|TAMS 0x000000009a700000| PB 0x000000009a700000| Complete 
| 424|0x000000009a800000, 0x000000009a900000, 0x000000009a900000|100%| E|CS|TAMS 0x000000009a800000| PB 0x000000009a800000| Complete 
| 425|0x000000009a900000, 0x000000009aa00000, 0x000000009aa00000|100%| E|CS|TAMS 0x000000009a900000| PB 0x000000009a900000| Complete 
| 426|0x000000009aa00000, 0x000000009ab00000, 0x000000009ab00000|100%| E|CS|TAMS 0x000000009aa00000| PB 0x000000009aa00000| Complete 
| 427|0x000000009ab00000, 0x000000009ac00000, 0x000000009ac00000|100%| E|CS|TAMS 0x000000009ab00000| PB 0x000000009ab00000| Complete 
| 428|0x000000009ac00000, 0x000000009ad00000, 0x000000009ad00000|100%| E|CS|TAMS 0x000000009ac00000| PB 0x000000009ac00000| Complete 
| 429|0x000000009ad00000, 0x000000009ae00000, 0x000000009ae00000|100%| E|CS|TAMS 0x000000009ad00000| PB 0x000000009ad00000| Complete 
| 430|0x000000009ae00000, 0x000000009af00000, 0x000000009af00000|100%| E|CS|TAMS 0x000000009ae00000| PB 0x000000009ae00000| Complete 
| 431|0x000000009af00000, 0x000000009b000000, 0x000000009b000000|100%| E|CS|TAMS 0x000000009af00000| PB 0x000000009af00000| Complete 
| 432|0x000000009b000000, 0x000000009b100000, 0x000000009b100000|100%| E|CS|TAMS 0x000000009b000000| PB 0x000000009b000000| Complete 
| 433|0x000000009b100000, 0x000000009b200000, 0x000000009b200000|100%| E|CS|TAMS 0x000000009b100000| PB 0x000000009b100000| Complete 
| 434|0x000000009b200000, 0x000000009b300000, 0x000000009b300000|100%| E|CS|TAMS 0x000000009b200000| PB 0x000000009b200000| Complete 
| 435|0x000000009b300000, 0x000000009b400000, 0x000000009b400000|100%| E|CS|TAMS 0x000000009b300000| PB 0x000000009b300000| Complete 
| 436|0x000000009b400000, 0x000000009b500000, 0x000000009b500000|100%| E|CS|TAMS 0x000000009b400000| PB 0x000000009b400000| Complete 
| 437|0x000000009b500000, 0x000000009b600000, 0x000000009b600000|100%| E|CS|TAMS 0x000000009b500000| PB 0x000000009b500000| Complete 
| 438|0x000000009b600000, 0x000000009b700000, 0x000000009b700000|100%| E|CS|TAMS 0x000000009b600000| PB 0x000000009b600000| Complete 
| 439|0x000000009b700000, 0x000000009b800000, 0x000000009b800000|100%| E|CS|TAMS 0x000000009b700000| PB 0x000000009b700000| Complete 
| 440|0x000000009b800000, 0x000000009b900000, 0x000000009b900000|100%| E|CS|TAMS 0x000000009b800000| PB 0x000000009b800000| Complete 
| 441|0x000000009b900000, 0x000000009ba00000, 0x000000009ba00000|100%| E|CS|TAMS 0x000000009b900000| PB 0x000000009b900000| Complete 
| 442|0x000000009ba00000, 0x000000009bb00000, 0x000000009bb00000|100%| E|CS|TAMS 0x000000009ba00000| PB 0x000000009ba00000| Complete 
| 443|0x000000009bb00000, 0x000000009bc00000, 0x000000009bc00000|100%| E|CS|TAMS 0x000000009bb00000| PB 0x000000009bb00000| Complete 
| 444|0x000000009bc00000, 0x000000009bd00000, 0x000000009bd00000|100%| E|CS|TAMS 0x000000009bc00000| PB 0x000000009bc00000| Complete 
| 445|0x000000009bd00000, 0x000000009be00000, 0x000000009be00000|100%| E|CS|TAMS 0x000000009bd00000| PB 0x000000009bd00000| Complete 
| 446|0x000000009be00000, 0x000000009bf00000, 0x000000009bf00000|100%| E|CS|TAMS 0x000000009be00000| PB 0x000000009be00000| Complete 
| 447|0x000000009bf00000, 0x000000009c000000, 0x000000009c000000|100%| E|CS|TAMS 0x000000009bf00000| PB 0x000000009bf00000| Complete 
| 448|0x000000009c000000, 0x000000009c100000, 0x000000009c100000|100%| E|CS|TAMS 0x000000009c000000| PB 0x000000009c000000| Complete 
| 449|0x000000009c100000, 0x000000009c200000, 0x000000009c200000|100%| E|CS|TAMS 0x000000009c100000| PB 0x000000009c100000| Complete 
| 450|0x000000009c200000, 0x000000009c300000, 0x000000009c300000|100%| E|CS|TAMS 0x000000009c200000| PB 0x000000009c200000| Complete 
| 451|0x000000009c300000, 0x000000009c400000, 0x000000009c400000|100%| E|CS|TAMS 0x000000009c300000| PB 0x000000009c300000| Complete 
| 452|0x000000009c400000, 0x000000009c500000, 0x000000009c500000|100%| E|CS|TAMS 0x000000009c400000| PB 0x000000009c400000| Complete 
| 453|0x000000009c500000, 0x000000009c600000, 0x000000009c600000|100%| E|CS|TAMS 0x000000009c500000| PB 0x000000009c500000| Complete 
| 454|0x000000009c600000, 0x000000009c700000, 0x000000009c700000|100%| E|CS|TAMS 0x000000009c600000| PB 0x000000009c600000| Complete 
| 455|0x000000009c700000, 0x000000009c800000, 0x000000009c800000|100%| E|CS|TAMS 0x000000009c700000| PB 0x000000009c700000| Complete 
| 456|0x000000009c800000, 0x000000009c900000, 0x000000009c900000|100%| E|CS|TAMS 0x000000009c800000| PB 0x000000009c800000| Complete 
| 457|0x000000009c900000, 0x000000009ca00000, 0x000000009ca00000|100%| E|CS|TAMS 0x000000009c900000| PB 0x000000009c900000| Complete 
| 458|0x000000009ca00000, 0x000000009cb00000, 0x000000009cb00000|100%| E|CS|TAMS 0x000000009ca00000| PB 0x000000009ca00000| Complete 
| 459|0x000000009cb00000, 0x000000009cc00000, 0x000000009cc00000|100%| E|CS|TAMS 0x000000009cb00000| PB 0x000000009cb00000| Complete 
| 460|0x000000009cc00000, 0x000000009cd00000, 0x000000009cd00000|100%| E|CS|TAMS 0x000000009cc00000| PB 0x000000009cc00000| Complete 
| 461|0x000000009cd00000, 0x000000009ce00000, 0x000000009ce00000|100%| E|CS|TAMS 0x000000009cd00000| PB 0x000000009cd00000| Complete 
| 462|0x000000009ce00000, 0x000000009cf00000, 0x000000009cf00000|100%| E|CS|TAMS 0x000000009ce00000| PB 0x000000009ce00000| Complete 
| 463|0x000000009cf00000, 0x000000009d000000, 0x000000009d000000|100%| E|CS|TAMS 0x000000009cf00000| PB 0x000000009cf00000| Complete 
| 464|0x000000009d000000, 0x000000009d100000, 0x000000009d100000|100%| E|CS|TAMS 0x000000009d000000| PB 0x000000009d000000| Complete 
| 465|0x000000009d100000, 0x000000009d200000, 0x000000009d200000|100%| E|CS|TAMS 0x000000009d100000| PB 0x000000009d100000| Complete 
| 466|0x000000009d200000, 0x000000009d300000, 0x000000009d300000|100%| E|CS|TAMS 0x000000009d200000| PB 0x000000009d200000| Complete 
| 467|0x000000009d300000, 0x000000009d400000, 0x000000009d400000|100%| E|CS|TAMS 0x000000009d300000| PB 0x000000009d300000| Complete 
| 468|0x000000009d400000, 0x000000009d500000, 0x000000009d500000|100%| E|CS|TAMS 0x000000009d400000| PB 0x000000009d400000| Complete 
| 469|0x000000009d500000, 0x000000009d600000, 0x000000009d600000|100%| E|CS|TAMS 0x000000009d500000| PB 0x000000009d500000| Complete 
| 470|0x000000009d600000, 0x000000009d700000, 0x000000009d700000|100%| E|CS|TAMS 0x000000009d600000| PB 0x000000009d600000| Complete 
| 471|0x000000009d700000, 0x000000009d800000, 0x000000009d800000|100%| E|CS|TAMS 0x000000009d700000| PB 0x000000009d700000| Complete 
| 472|0x000000009d800000, 0x000000009d900000, 0x000000009d900000|100%| E|CS|TAMS 0x000000009d800000| PB 0x000000009d800000| Complete 
| 473|0x000000009d900000, 0x000000009da00000, 0x000000009da00000|100%| E|CS|TAMS 0x000000009d900000| PB 0x000000009d900000| Complete 
| 474|0x000000009da00000, 0x000000009db00000, 0x000000009db00000|100%| E|CS|TAMS 0x000000009da00000| PB 0x000000009da00000| Complete 
| 475|0x000000009db00000, 0x000000009dc00000, 0x000000009dc00000|100%| E|CS|TAMS 0x000000009db00000| PB 0x000000009db00000| Complete 
| 476|0x000000009dc00000, 0x000000009dd00000, 0x000000009dd00000|100%| E|CS|TAMS 0x000000009dc00000| PB 0x000000009dc00000| Complete 
| 477|0x000000009dd00000, 0x000000009de00000, 0x000000009de00000|100%| E|CS|TAMS 0x000000009dd00000| PB 0x000000009dd00000| Complete 
| 478|0x000000009de00000, 0x000000009df00000, 0x000000009df00000|100%| E|CS|TAMS 0x000000009de00000| PB 0x000000009de00000| Complete 
| 479|0x000000009df00000, 0x000000009e000000, 0x000000009e000000|100%| E|CS|TAMS 0x000000009df00000| PB 0x000000009df00000| Complete 
| 480|0x000000009e000000, 0x000000009e100000, 0x000000009e100000|100%| E|CS|TAMS 0x000000009e000000| PB 0x000000009e000000| Complete 
| 481|0x000000009e100000, 0x000000009e200000, 0x000000009e200000|100%| E|CS|TAMS 0x000000009e100000| PB 0x000000009e100000| Complete 
| 482|0x000000009e200000, 0x000000009e300000, 0x000000009e300000|100%| E|CS|TAMS 0x000000009e200000| PB 0x000000009e200000| Complete 
| 483|0x000000009e300000, 0x000000009e400000, 0x000000009e400000|100%| E|CS|TAMS 0x000000009e300000| PB 0x000000009e300000| Complete 
| 484|0x000000009e400000, 0x000000009e500000, 0x000000009e500000|100%| E|CS|TAMS 0x000000009e400000| PB 0x000000009e400000| Complete 
| 485|0x000000009e500000, 0x000000009e600000, 0x000000009e600000|100%| E|CS|TAMS 0x000000009e500000| PB 0x000000009e500000| Complete 
| 486|0x000000009e600000, 0x000000009e700000, 0x000000009e700000|100%| E|CS|TAMS 0x000000009e600000| PB 0x000000009e600000| Complete 
| 487|0x000000009e700000, 0x000000009e800000, 0x000000009e800000|100%| E|CS|TAMS 0x000000009e700000| PB 0x000000009e700000| Complete 
| 488|0x000000009e800000, 0x000000009e900000, 0x000000009e900000|100%| E|CS|TAMS 0x000000009e800000| PB 0x000000009e800000| Complete 
| 489|0x000000009e900000, 0x000000009ea00000, 0x000000009ea00000|100%| E|CS|TAMS 0x000000009e900000| PB 0x000000009e900000| Complete 
| 490|0x000000009ea00000, 0x000000009eb00000, 0x000000009eb00000|100%| E|CS|TAMS 0x000000009ea00000| PB 0x000000009ea00000| Complete 
| 491|0x000000009eb00000, 0x000000009ec00000, 0x000000009ec00000|100%| E|CS|TAMS 0x000000009eb00000| PB 0x000000009eb00000| Complete 
| 492|0x000000009ec00000, 0x000000009ed00000, 0x000000009ed00000|100%| E|CS|TAMS 0x000000009ec00000| PB 0x000000009ec00000| Complete 
| 493|0x000000009ed00000, 0x000000009ee00000, 0x000000009ee00000|100%| E|CS|TAMS 0x000000009ed00000| PB 0x000000009ed00000| Complete 
| 494|0x000000009ee00000, 0x000000009ef00000, 0x000000009ef00000|100%| E|CS|TAMS 0x000000009ee00000| PB 0x000000009ee00000| Complete 
| 495|0x000000009ef00000, 0x000000009f000000, 0x000000009f000000|100%| E|CS|TAMS 0x000000009ef00000| PB 0x000000009ef00000| Complete 
| 496|0x000000009f000000, 0x000000009f100000, 0x000000009f100000|100%| E|CS|TAMS 0x000000009f000000| PB 0x000000009f000000| Complete 
| 497|0x000000009f100000, 0x000000009f1fb918, 0x000000009f200000| 98%| E|CS|TAMS 0x000000009f100000| PB 0x000000009f100000| Complete 
| 498|0x000000009f200000, 0x000000009f300000, 0x000000009f300000|100%| S|  |TAMS 0x000000009f200000| PB 0x000000009f200000| Complete 
| 499|0x000000009f300000, 0x000000009f400000, 0x000000009f400000|100%| S|  |TAMS 0x000000009f300000| PB 0x000000009f300000| Complete 
|2016|0x00000000fe000000, 0x00000000fe100000, 0x00000000fe100000|100%| O|  |TAMS 0x00000000fe000000| PB 0x00000000fe000000| Untracked 
|2017|0x00000000fe100000, 0x00000000fe200000, 0x00000000fe200000|100%| O|  |TAMS 0x00000000fe100000| PB 0x00000000fe100000| Untracked 
|2018|0x00000000fe200000, 0x00000000fe300000, 0x00000000fe300000|100%| O|  |TAMS 0x00000000fe200000| PB 0x00000000fe200000| Untracked 
|2019|0x00000000fe300000, 0x00000000fe400000, 0x00000000fe400000|100%| O|  |TAMS 0x00000000fe300000| PB 0x00000000fe300000| Untracked 
|2020|0x00000000fe400000, 0x00000000fe500000, 0x00000000fe500000|100%| O|  |TAMS 0x00000000fe400000| PB 0x00000000fe400000| Untracked 
|2021|0x00000000fe500000, 0x00000000fe600000, 0x00000000fe600000|100%| O|  |TAMS 0x00000000fe500000| PB 0x00000000fe500000| Untracked 
|2022|0x00000000fe600000, 0x00000000fe700000, 0x00000000fe700000|100%| O|  |TAMS 0x00000000fe600000| PB 0x00000000fe600000| Untracked 
|2023|0x00000000fe700000, 0x00000000fe800000, 0x00000000fe800000|100%| E|CS|TAMS 0x00000000fe700000| PB 0x00000000fe700000| Complete 
|2024|0x00000000fe800000, 0x00000000fe900000, 0x00000000fe900000|100%| O|  |TAMS 0x00000000fe800000| PB 0x00000000fe800000| Untracked 
|2025|0x00000000fe900000, 0x00000000fea00000, 0x00000000fea00000|100%| E|CS|TAMS 0x00000000fe900000| PB 0x00000000fe900000| Complete 
|2026|0x00000000fea00000, 0x00000000feb00000, 0x00000000feb00000|100%| O|  |TAMS 0x00000000fea00000| PB 0x00000000fea00000| Untracked 
|2027|0x00000000feb00000, 0x00000000fec00000, 0x00000000fec00000|100%| E|CS|TAMS 0x00000000feb00000| PB 0x00000000feb00000| Complete 
|2028|0x00000000fec00000, 0x00000000fed00000, 0x00000000fed00000|100%| E|CS|TAMS 0x00000000fec00000| PB 0x00000000fec00000| Complete 
|2029|0x00000000fed00000, 0x00000000fee00000, 0x00000000fee00000|100%| O|  |TAMS 0x00000000fed00000| PB 0x00000000fed00000| Untracked 
|2030|0x00000000fee00000, 0x00000000fef00000, 0x00000000fef00000|100%| E|CS|TAMS 0x00000000fee00000| PB 0x00000000fee00000| Complete 
|2031|0x00000000fef00000, 0x00000000ff000000, 0x00000000ff000000|100%| O|  |TAMS 0x00000000fef00000| PB 0x00000000fef00000| Untracked 
|2032|0x00000000ff000000, 0x00000000ff100000, 0x00000000ff100000|100%| E|CS|TAMS 0x00000000ff000000| PB 0x00000000ff000000| Complete 
|2033|0x00000000ff100000, 0x00000000ff200000, 0x00000000ff200000|100%| E|CS|TAMS 0x00000000ff100000| PB 0x00000000ff100000| Complete 
|2034|0x00000000ff200000, 0x00000000ff300000, 0x00000000ff300000|100%| O|  |TAMS 0x00000000ff200000| PB 0x00000000ff200000| Untracked 
|2035|0x00000000ff300000, 0x00000000ff400000, 0x00000000ff400000|100%| O|  |TAMS 0x00000000ff300000| PB 0x00000000ff300000| Untracked 
|2036|0x00000000ff400000, 0x00000000ff500000, 0x00000000ff500000|100%| O|  |TAMS 0x00000000ff400000| PB 0x00000000ff400000| Untracked 
|2037|0x00000000ff500000, 0x00000000ff600000, 0x00000000ff600000|100%| O|  |TAMS 0x00000000ff500000| PB 0x00000000ff500000| Untracked 
|2038|0x00000000ff600000, 0x00000000ff700000, 0x00000000ff700000|100%| O|  |TAMS 0x00000000ff600000| PB 0x00000000ff600000| Untracked 
|2039|0x00000000ff700000, 0x00000000ff800000, 0x00000000ff800000|100%| O|  |TAMS 0x00000000ff700000| PB 0x00000000ff700000| Untracked 
|2040|0x00000000ff800000, 0x00000000ff900000, 0x00000000ff900000|100%| O|  |TAMS 0x00000000ff800000| PB 0x00000000ff800000| Untracked 
|2041|0x00000000ff900000, 0x00000000ffa00000, 0x00000000ffa00000|100%| O|  |TAMS 0x00000000ff900000| PB 0x00000000ff900000| Untracked 
|2042|0x00000000ffa00000, 0x00000000ffb00000, 0x00000000ffb00000|100%| E|CS|TAMS 0x00000000ffa00000| PB 0x00000000ffa00000| Complete 
|2043|0x00000000ffb00000, 0x00000000ffc00000, 0x00000000ffc00000|100%| O|  |TAMS 0x00000000ffb00000| PB 0x00000000ffb00000| Untracked 
|2044|0x00000000ffc00000, 0x00000000ffd00000, 0x00000000ffd00000|100%| O|  |TAMS 0x00000000ffc00000| PB 0x00000000ffc00000| Untracked 
|2045|0x00000000ffd00000, 0x00000000ffe00000, 0x00000000ffe00000|100%| O|  |TAMS 0x00000000ffd00000| PB 0x00000000ffd00000| Untracked 
|2046|0x00000000ffe00000, 0x00000000fff00000, 0x00000000fff00000|100%| O|  |TAMS 0x00000000ffe00000| PB 0x00000000ffe00000| Untracked 
|2047|0x00000000fff00000, 0x0000000100000000, 0x0000000100000000|100%| O|  |TAMS 0x00000000fff00000| PB 0x00000000fff00000| Untracked 

Card table byte_map: [0x000001ce46030000,0x000001ce46430000] _byte_map_base: 0x000001ce45c30000

Marking Bits: (CMBitMap*) 0x000001ce335e4360
 Bits: [0x000001ce46430000, 0x000001ce48430000)

Polling page: 0x000001ce31300000

Metaspace:

Usage:
  Non-class:    123.98 MB used.
      Class:     18.90 MB used.
       Both:    142.88 MB used.

Virtual space:
  Non-class space:      128.00 MB reserved,     124.62 MB ( 97%) committed,  2 nodes.
      Class space:        1.00 GB reserved,      20.25 MB (  2%) committed,  1 nodes.
             Both:        1.12 GB reserved,     144.88 MB ( 13%) committed. 

Chunk freelists:
   Non-Class:  2.66 MB
       Class:  12.31 MB
        Both:  14.97 MB

MaxMetaspaceSize: unlimited
CompressedClassSpaceSize: 1.00 GB
Initial GC threshold: 21.00 MB
Current GC threshold: 240.62 MB
CDS: off
 - commit_granule_bytes: 65536.
 - commit_granule_words: 8192.
 - virtual_space_node_default_size: 8388608.
 - enlarge_chunks_in_place: 1.
 - use_allocation_guard: 0.


Internal statistics:

num_allocs_failed_limit: 12.
num_arena_births: 4988.
num_arena_deaths: 2500.
num_vsnodes_births: 3.
num_vsnodes_deaths: 0.
num_space_committed: 2317.
num_space_uncommitted: 0.
num_chunks_returned_to_freelist: 2825.
num_chunks_taken_from_freelist: 12102.
num_chunk_merges: 1031.
num_chunk_splits: 7311.
num_chunks_enlarged: 4602.
num_inconsistent_stats: 0.

CodeHeap 'non-profiled nmethods': size=120000Kb used=21616Kb max_used=21616Kb free=98383Kb
 bounds [0x000001ce3e1b0000, 0x000001ce3f6d0000, 0x000001ce456e0000]
CodeHeap 'profiled nmethods': size=120000Kb used=38719Kb max_used=41899Kb free=81280Kb
 bounds [0x000001ce366e0000, 0x000001ce39100000, 0x000001ce3dc10000]
CodeHeap 'non-nmethods': size=5760Kb used=2233Kb max_used=2316Kb free=3526Kb
 bounds [0x000001ce3dc10000, 0x000001ce3de80000, 0x000001ce3e1b0000]
 total_blobs=19620 nmethods=18677 adapters=846
 compilation: enabled
              stopped_count=0, restarted_count=0
 full_count=0

Compilation events (20 events):
Event: 4484.842 Thread 0x000001ce4b27f390 33812       3       org.gradle.api.internal.file.FileCollectionBackedFileTree$$Lambda/0x0000000100e72ea8::get (12 bytes)
Event: 4484.842 Thread 0x000001ce4b266d50 33813       4       java.util.Collections::reverse (125 bytes)
Event: 4484.843 Thread 0x000001ce4b27f390 nmethod 33812 0x000001ce388bec90 code [0x000001ce388bee80, 0x000001ce388bf418]
Event: 4484.856 Thread 0x000001ce4b266d50 nmethod 33813 0x000001ce3f6bde90 code [0x000001ce3f6be060, 0x000001ce3f6be648]
Event: 4484.856 Thread 0x000001ce4b266d50 33815       4       java.io.ObjectStreamClass::getClassDataLayout0 (297 bytes)
Event: 4484.856 Thread 0x000001ce4b27f390 33816       3       java.security.SecureRandom::next (61 bytes)
Event: 4484.858 Thread 0x000001ce4b27f390 nmethod 33816 0x000001ce38a2bb10 code [0x000001ce38a2bcc0, 0x000001ce38a2bfb8]
Event: 4484.913 Thread 0x000001ce4b266d50 nmethod 33815 0x000001ce3f6bea90 code [0x000001ce3f6beda0, 0x000001ce3f6c09c0]
Event: 4484.913 Thread 0x000001ce4b266d50 33814       4       java.io.ObjectInputStream::readString (117 bytes)
Event: 4484.927 Thread 0x000001ce4b266d50 nmethod 33814 0x000001ce3f6c1e90 code [0x000001ce3f6c2100, 0x000001ce3f6c2a18]
Event: 4484.927 Thread 0x000001ce4b266d50 33817       4       java.io.ObjectStreamClass::initNonProxy (628 bytes)
Event: 4485.055 Thread 0x000001ce4b266d50 nmethod 33817 0x000001ce3f6c3210 code [0x000001ce3f6c3640, 0x000001ce3f6c6520]
Event: 4485.264 Thread 0x000001ce4b266d50 33818       4       org.gradle.internal.component.external.model.AbstractConfigurationMetadata::getExcludes (5 bytes)
Event: 4485.266 Thread 0x000001ce4b266d50 nmethod 33818 0x000001ce3f6c7b10 code [0x000001ce3f6c7ca0, 0x000001ce3f6c7d30]
Event: 4485.313 Thread 0x000001ce4b266d50 33819       4       org.gradle.api.internal.artifacts.ivyservice.resolveengine.graph.selectors.SelectorStateResolver::resolveConflicts (76 bytes)
Event: 4485.407 Thread 0x000001ce4b266d50 nmethod 33819 0x000001ce3f6c7e10 code [0x000001ce3f6c8160, 0x000001ce3f6ca120]
Event: 4485.477 Thread 0x000001ce4b266d50 33820       4       org.gradle.api.internal.attributes.DefaultImmutableAttributesFactory::safeConcat (173 bytes)
Event: 4485.480 Thread 0x000001ce4b266d50 nmethod 33820 0x000001ce3f6cb190 code [0x000001ce3f6cb320, 0x000001ce3f6cb3e0]
Event: 4485.787 Thread 0x000001ce4b266d50 33821       4       com.google.common.collect.Lists::newArrayList (36 bytes)
Event: 4485.797 Thread 0x000001ce4b266d50 nmethod 33821 0x000001ce3f6cb490 code [0x000001ce3f6cb660, 0x000001ce3f6cbea0]

GC Heap History (20 events):
Event: 2924.767 GC heap after
{Heap after GC invocations=73 (full 0):
 garbage-first heap   total 489472K, used 194955K [0x0000000080000000, 0x0000000100000000)
  region size 1024K, 10 young (10240K), 10 survivors (10240K)
 Metaspace       used 144998K, committed 147072K, reserved 1179648K
  class space    used 19361K, committed 20736K, reserved 1048576K
}
Event: 2925.690 GC heap before
{Heap before GC invocations=74 (full 0):
 garbage-first heap   total 489472K, used 358795K [0x0000000080000000, 0x0000000100000000)
  region size 1024K, 171 young (175104K), 10 survivors (10240K)
 Metaspace       used 145152K, committed 147200K, reserved 1179648K
  class space    used 19361K, committed 20736K, reserved 1048576K
}
Event: 2925.699 GC heap after
{Heap after GC invocations=75 (full 0):
 garbage-first heap   total 489472K, used 197997K [0x0000000080000000, 0x0000000100000000)
  region size 1024K, 13 young (13312K), 13 survivors (13312K)
 Metaspace       used 145152K, committed 147200K, reserved 1179648K
  class space    used 19361K, committed 20736K, reserved 1048576K
}
Event: 3337.464 GC heap before
{Heap before GC invocations=75 (full 0):
 garbage-first heap   total 489472K, used 487789K [0x0000000080000000, 0x0000000100000000)
  region size 1024K, 184 young (188416K), 13 survivors (13312K)
 Metaspace       used 145323K, committed 147392K, reserved 1179648K
  class space    used 19362K, committed 20736K, reserved 1048576K
}
Event: 3337.594 GC heap after
{Heap after GC invocations=76 (full 0):
 garbage-first heap   total 515072K, used 194082K [0x0000000080000000, 0x0000000100000000)
  region size 1024K, 22 young (22528K), 22 survivors (22528K)
 Metaspace       used 145323K, committed 147392K, reserved 1179648K
  class space    used 19362K, committed 20736K, reserved 1048576K
}
Event: 3626.909 GC heap before
{Heap before GC invocations=76 (full 0):
 garbage-first heap   total 515072K, used 464418K [0x0000000080000000, 0x0000000100000000)
  region size 1024K, 287 young (293888K), 22 survivors (22528K)
 Metaspace       used 145568K, committed 147648K, reserved 1179648K
  class space    used 19369K, committed 20736K, reserved 1048576K
}
Event: 3627.088 GC heap after
{Heap after GC invocations=77 (full 0):
 garbage-first heap   total 515072K, used 185074K [0x0000000080000000, 0x0000000100000000)
  region size 1024K, 8 young (8192K), 8 survivors (8192K)
 Metaspace       used 145568K, committed 147648K, reserved 1179648K
  class space    used 19369K, committed 20736K, reserved 1048576K
}
Event: 3644.664 GC heap before
{Heap before GC invocations=77 (full 0):
 garbage-first heap   total 515072K, used 474866K [0x0000000080000000, 0x0000000100000000)
  region size 1024K, 292 young (299008K), 8 survivors (8192K)
 Metaspace       used 145766K, committed 147776K, reserved 1179648K
  class space    used 19372K, committed 20736K, reserved 1048576K
}
Event: 3644.841 GC heap after
{Heap after GC invocations=78 (full 0):
 garbage-first heap   total 515072K, used 202295K [0x0000000080000000, 0x0000000100000000)
  region size 1024K, 25 young (25600K), 25 survivors (25600K)
 Metaspace       used 145766K, committed 147776K, reserved 1179648K
  class space    used 19372K, committed 20736K, reserved 1048576K
}
Event: 3645.273 GC heap before
{Heap before GC invocations=78 (full 0):
 garbage-first heap   total 515072K, used 293431K [0x0000000080000000, 0x0000000100000000)
  region size 1024K, 115 young (117760K), 25 survivors (25600K)
 Metaspace       used 145797K, committed 147840K, reserved 1179648K
  class space    used 19372K, committed 20736K, reserved 1048576K
}
Event: 3645.324 GC heap after
{Heap after GC invocations=79 (full 0):
 garbage-first heap   total 515072K, used 203123K [0x0000000080000000, 0x0000000100000000)
  region size 1024K, 6 young (6144K), 6 survivors (6144K)
 Metaspace       used 145797K, committed 147840K, reserved 1179648K
  class space    used 19372K, committed 20736K, reserved 1048576K
}
Event: 3704.505 GC heap before
{Heap before GC invocations=80 (full 0):
 garbage-first heap   total 515072K, used 513395K [0x0000000080000000, 0x0000000100000000)
  region size 1024K, 203 young (207872K), 6 survivors (6144K)
 Metaspace       used 145821K, committed 147904K, reserved 1179648K
  class space    used 19352K, committed 20736K, reserved 1048576K
}
Event: 3704.566 GC heap after
{Heap after GC invocations=81 (full 0):
 garbage-first heap   total 522240K, used 198041K [0x0000000080000000, 0x0000000100000000)
  region size 1024K, 7 young (7168K), 7 survivors (7168K)
 Metaspace       used 145821K, committed 147904K, reserved 1179648K
  class space    used 19352K, committed 20736K, reserved 1048576K
}
Event: 3734.862 GC heap before
{Heap before GC invocations=81 (full 0):
 garbage-first heap   total 522240K, used 482713K [0x0000000080000000, 0x0000000100000000)
  region size 1024K, 286 young (292864K), 7 survivors (7168K)
 Metaspace       used 145978K, committed 148032K, reserved 1179648K
  class space    used 19353K, committed 20736K, reserved 1048576K
}
Event: 3735.074 GC heap after
{Heap after GC invocations=82 (full 0):
 garbage-first heap   total 522240K, used 203465K [0x0000000080000000, 0x0000000100000000)
  region size 1024K, 24 young (24576K), 24 survivors (24576K)
 Metaspace       used 145978K, committed 148032K, reserved 1179648K
  class space    used 19353K, committed 20736K, reserved 1048576K
}
Event: 3735.562 GC heap before
{Heap before GC invocations=82 (full 0):
 garbage-first heap   total 522240K, used 335561K [0x0000000080000000, 0x0000000100000000)
  region size 1024K, 154 young (157696K), 24 survivors (24576K)
 Metaspace       used 146004K, committed 148032K, reserved 1179648K
  class space    used 19353K, committed 20736K, reserved 1048576K
}
Event: 3735.612 GC heap after
{Heap after GC invocations=83 (full 0):
 garbage-first heap   total 522240K, used 197232K [0x0000000080000000, 0x0000000100000000)
  region size 1024K, 4 young (4096K), 4 survivors (4096K)
 Metaspace       used 146004K, committed 148032K, reserved 1179648K
  class space    used 19353K, committed 20736K, reserved 1048576K
}
Event: 3775.333 GC heap before
{Heap before GC invocations=83 (full 0):
 garbage-first heap   total 522240K, used 520816K [0x0000000080000000, 0x0000000100000000)
  region size 1024K, 208 young (212992K), 4 survivors (4096K)
 Metaspace       used 146142K, committed 148224K, reserved 1179648K
  class space    used 19353K, committed 20736K, reserved 1048576K
}
Event: 3775.420 GC heap after
{Heap after GC invocations=84 (full 0):
 garbage-first heap   total 541696K, used 198638K [0x0000000080000000, 0x0000000100000000)
  region size 1024K, 13 young (13312K), 13 survivors (13312K)
 Metaspace       used 146142K, committed 148224K, reserved 1179648K
  class space    used 19353K, committed 20736K, reserved 1048576K
}
Event: 4485.806 GC heap before
{Heap before GC invocations=84 (full 0):
 garbage-first heap   total 541696K, used 540654K [0x0000000080000000, 0x0000000100000000)
  region size 1024K, 240 young (245760K), 13 survivors (13312K)
 Metaspace       used 146312K, committed 148352K, reserved 1179648K
  class space    used 19358K, committed 20736K, reserved 1048576K
}

Dll operation events (3 events):
Event: 0.021 Loaded shared library C:\Program Files\Android\Android Studio\jbr\bin\java.dll
Event: 0.028 Loaded shared library C:\Program Files\Android\Android Studio\jbr\bin\zip.dll
Event: 0.954 Loaded shared library C:\Program Files\Android\Android Studio\jbr\bin\verify.dll

Deoptimization events (20 events):
Event: 4484.835 Thread 0x000001ce53f07630 Uncommon trap: trap_request=0xffffff76 fr.pc=0x000001ce3f68f1f8 relative=0x0000000000000dd8
Event: 4484.835 Thread 0x000001ce53f07630 Uncommon trap: reason=predicate action=maybe_recompile pc=0x000001ce3f68f1f8 method=java.io.ObjectInputStream.readArray(Z)Ljava/lang/Object; @ 393 c2
Event: 4484.835 Thread 0x000001ce53f07630 DEOPT PACKING pc=0x000001ce3f68f1f8 sp=0x00000021288fe4d0
Event: 4484.837 Thread 0x000001ce53f07630 DEOPT UNPACKING pc=0x000001ce3dc646a2 sp=0x00000021288fe470 mode 2
Event: 4485.191 Thread 0x000001ce568a8120 Uncommon trap: trap_request=0xffffffbe fr.pc=0x000001ce3f6bd6c0 relative=0x00000000000004e0
Event: 4485.191 Thread 0x000001ce568a8120 Uncommon trap: reason=profile_predicate action=maybe_recompile pc=0x000001ce3f6bd6c0 method=com.google.common.collect.ImmutableList.copyIntoArray([Ljava/lang/Object;I)I @ 11 c2
Event: 4485.191 Thread 0x000001ce568a8120 DEOPT PACKING pc=0x000001ce3f6bd6c0 sp=0x0000002128afacc0
Event: 4485.193 Thread 0x000001ce568a8120 DEOPT UNPACKING pc=0x000001ce3dc646a2 sp=0x0000002128afac80 mode 2
Event: 4485.345 Thread 0x000001ce568a8120 Uncommon trap: trap_request=0xffffffbe fr.pc=0x000001ce3f6bd6c0 relative=0x00000000000004e0
Event: 4485.345 Thread 0x000001ce568a8120 Uncommon trap: reason=profile_predicate action=maybe_recompile pc=0x000001ce3f6bd6c0 method=com.google.common.collect.ImmutableList.copyIntoArray([Ljava/lang/Object;I)I @ 11 c2
Event: 4485.345 Thread 0x000001ce568a8120 DEOPT PACKING pc=0x000001ce3f6bd6c0 sp=0x0000002128afacc0
Event: 4485.346 Thread 0x000001ce568a8120 DEOPT UNPACKING pc=0x000001ce3dc646a2 sp=0x0000002128afac80 mode 2
Event: 4485.424 Thread 0x000001ce568a8120 Uncommon trap: trap_request=0xffffffbe fr.pc=0x000001ce3f6bd6c0 relative=0x00000000000004e0
Event: 4485.424 Thread 0x000001ce568a8120 Uncommon trap: reason=profile_predicate action=maybe_recompile pc=0x000001ce3f6bd6c0 method=com.google.common.collect.ImmutableList.copyIntoArray([Ljava/lang/Object;I)I @ 11 c2
Event: 4485.424 Thread 0x000001ce568a8120 DEOPT PACKING pc=0x000001ce3f6bd6c0 sp=0x0000002128afacc0
Event: 4485.425 Thread 0x000001ce568a8120 DEOPT UNPACKING pc=0x000001ce3dc646a2 sp=0x0000002128afac80 mode 2
Event: 4485.502 Thread 0x000001ce568a8120 Uncommon trap: trap_request=0xffffffbe fr.pc=0x000001ce3f6bd6c0 relative=0x00000000000004e0
Event: 4485.502 Thread 0x000001ce568a8120 Uncommon trap: reason=profile_predicate action=maybe_recompile pc=0x000001ce3f6bd6c0 method=com.google.common.collect.ImmutableList.copyIntoArray([Ljava/lang/Object;I)I @ 11 c2
Event: 4485.502 Thread 0x000001ce568a8120 DEOPT PACKING pc=0x000001ce3f6bd6c0 sp=0x0000002128afacc0
Event: 4485.503 Thread 0x000001ce568a8120 DEOPT UNPACKING pc=0x000001ce3dc646a2 sp=0x0000002128afac80 mode 2

Classes loaded (20 events):
Event: 2001.857 Loading class java/util/concurrent/ConcurrentHashMap$TreeBin
Event: 2001.859 Loading class java/util/concurrent/ConcurrentHashMap$TreeBin done
Event: 2002.375 Loading class java/nio/ShortBuffer
Event: 2002.376 Loading class java/nio/ShortBuffer done
Event: 2002.396 Loading class java/nio/ByteBufferAsShortBufferL
Event: 2002.397 Loading class java/nio/ByteBufferAsShortBufferL done
Event: 2002.414 Loading class java/util/zip/Adler32
Event: 2002.415 Loading class java/util/zip/Adler32 done
Event: 2002.431 Loading class sun/nio/ch/ChannelOutputStream
Event: 2002.432 Loading class sun/nio/ch/ChannelOutputStream done
Event: 2003.690 Loading class java/io/PushbackInputStream
Event: 2003.691 Loading class java/io/PushbackInputStream done
Event: 2003.833 Loading class java/nio/HeapShortBuffer
Event: 2003.834 Loading class java/nio/HeapShortBuffer done
Event: 2003.840 Loading class java/util/AbstractList$RandomAccessSubList
Event: 2003.841 Loading class java/util/AbstractList$RandomAccessSubList done
Event: 2003.943 Loading class java/nio/file/Files$2
Event: 2003.944 Loading class java/nio/file/Files$2 done
Event: 2579.122 Loading class java/io/FileReader
Event: 2579.153 Loading class java/io/FileReader done

Classes unloaded (20 events):
Event: 3645.513 Thread 0x000001ce4b0c3460 Unloading class 0x000000010112e800 'java/lang/invoke/LambdaForm$MH+0x000000010112e800'
Event: 3645.513 Thread 0x000001ce4b0c3460 Unloading class 0x000000010112e400 'java/lang/invoke/LambdaForm$MH+0x000000010112e400'
Event: 3645.513 Thread 0x000001ce4b0c3460 Unloading class 0x0000000101120400 'java/lang/invoke/LambdaForm$MH+0x0000000101120400'
Event: 3645.513 Thread 0x000001ce4b0c3460 Unloading class 0x000000010111f800 'java/lang/invoke/LambdaForm$MH+0x000000010111f800'
Event: 3645.513 Thread 0x000001ce4b0c3460 Unloading class 0x000000010111f400 'java/lang/invoke/LambdaForm$MH+0x000000010111f400'
Event: 3645.513 Thread 0x000001ce4b0c3460 Unloading class 0x000000010111f000 'java/lang/invoke/LambdaForm$MH+0x000000010111f000'
Event: 3645.513 Thread 0x000001ce4b0c3460 Unloading class 0x000000010111ec00 'java/lang/invoke/LambdaForm$MH+0x000000010111ec00'
Event: 3645.513 Thread 0x000001ce4b0c3460 Unloading class 0x000000010111e000 'java/lang/invoke/LambdaForm$MH+0x000000010111e000'
Event: 3645.513 Thread 0x000001ce4b0c3460 Unloading class 0x000000010111dc00 'java/lang/invoke/LambdaForm$MH+0x000000010111dc00'
Event: 3645.513 Thread 0x000001ce4b0c3460 Unloading class 0x000000010111d800 'java/lang/invoke/LambdaForm$MH+0x000000010111d800'
Event: 3645.514 Thread 0x000001ce4b0c3460 Unloading class 0x0000000101112400 'java/lang/invoke/LambdaForm$DMH+0x0000000101112400'
Event: 3645.514 Thread 0x000001ce4b0c3460 Unloading class 0x0000000101104400 'java/lang/invoke/LambdaForm$MH+0x0000000101104400'
Event: 3645.516 Thread 0x000001ce4b0c3460 Unloading class 0x00000001010dc400 'java/lang/invoke/LambdaForm$MH+0x00000001010dc400'
Event: 3645.516 Thread 0x000001ce4b0c3460 Unloading class 0x0000000100f20400 'java/lang/invoke/LambdaForm$BMH+0x0000000100f20400'
Event: 3645.518 Thread 0x000001ce4b0c3460 Unloading class 0x0000000100dfe000 'java/lang/invoke/LambdaForm$MH+0x0000000100dfe000'
Event: 3645.518 Thread 0x000001ce4b0c3460 Unloading class 0x0000000100df9000 'java/lang/invoke/LambdaForm$MH+0x0000000100df9000'
Event: 3645.518 Thread 0x000001ce4b0c3460 Unloading class 0x0000000100560c00 'java/lang/invoke/LambdaForm$MH+0x0000000100560c00'
Event: 3645.519 Thread 0x000001ce4b0c3460 Unloading class 0x0000000100488c00 'java/lang/invoke/LambdaForm$MH+0x0000000100488c00'
Event: 3645.519 Thread 0x000001ce4b0c3460 Unloading class 0x0000000100488800 'java/lang/invoke/LambdaForm$MH+0x0000000100488800'
Event: 3645.519 Thread 0x000001ce4b0c3460 Unloading class 0x000000010014c000 'java/lang/invoke/LambdaForm$DMH+0x000000010014c000'

Classes redefined (0 events):
No events

Internal exceptions (20 events):
Event: 3784.212 Thread 0x000001ce5406f990 Exception <a 'sun/nio/fs/WindowsException'{0x00000000982f2fe8}> (0x00000000982f2fe8) 
thrown [s\src\hotspot\share\prims\jni.cpp, line 535]
Event: 3784.495 Thread 0x000001ce63aa1410 Exception <a 'sun/nio/fs/WindowsException'{0x00000000978c4758}> (0x00000000978c4758) 
thrown [s\src\hotspot\share\prims\jni.cpp, line 535]
Event: 3784.495 Thread 0x000001ce63aa1410 Exception <a 'sun/nio/fs/WindowsException'{0x00000000978c5258}> (0x00000000978c5258) 
thrown [s\src\hotspot\share\prims\jni.cpp, line 535]
Event: 3784.495 Thread 0x000001ce63aa1410 Exception <a 'sun/nio/fs/WindowsException'{0x00000000978c5db8}> (0x00000000978c5db8) 
thrown [s\src\hotspot\share\prims\jni.cpp, line 535]
Event: 3784.500 Thread 0x000001ce63aa1410 Exception <a 'sun/nio/fs/WindowsException'{0x00000000978d8908}> (0x00000000978d8908) 
thrown [s\src\hotspot\share\prims\jni.cpp, line 535]
Event: 3784.500 Thread 0x000001ce63aa1410 Exception <a 'sun/nio/fs/WindowsException'{0x00000000978d9428}> (0x00000000978d9428) 
thrown [s\src\hotspot\share\prims\jni.cpp, line 535]
Event: 3784.501 Thread 0x000001ce63aa1410 Exception <a 'sun/nio/fs/WindowsException'{0x00000000978d9f90}> (0x00000000978d9f90) 
thrown [s\src\hotspot\share\prims\jni.cpp, line 535]
Event: 3784.503 Thread 0x000001ce63aa1410 Exception <a 'sun/nio/fs/WindowsException'{0x00000000978e46e0}> (0x00000000978e46e0) 
thrown [s\src\hotspot\share\prims\jni.cpp, line 535]
Event: 4479.624 Thread 0x000001ce5435cb90 Exception <a 'sun/nio/fs/WindowsException'{0x00000000964094a8}> (0x00000000964094a8) 
thrown [s\src\hotspot\share\prims\jni.cpp, line 535]
Event: 4479.628 Thread 0x000001ce5435cb90 Exception <a 'sun/nio/fs/WindowsException'{0x000000009640a888}> (0x000000009640a888) 
thrown [s\src\hotspot\share\prims\jni.cpp, line 535]
Event: 4479.629 Thread 0x000001ce5435cb90 Exception <a 'sun/nio/fs/WindowsException'{0x000000009640bc58}> (0x000000009640bc58) 
thrown [s\src\hotspot\share\prims\jni.cpp, line 535]
Event: 4479.629 Thread 0x000001ce5435cb90 Exception <a 'sun/nio/fs/WindowsException'{0x000000009640d008}> (0x000000009640d008) 
thrown [s\src\hotspot\share\prims\jni.cpp, line 535]
Event: 4480.472 Thread 0x000001ce5435cb90 Exception <a 'sun/nio/fs/WindowsException'{0x00000000953de7d8}> (0x00000000953de7d8) 
thrown [s\src\hotspot\share\prims\jni.cpp, line 535]
Event: 4480.474 Thread 0x000001ce5435cb90 Exception <a 'sun/nio/fs/WindowsException'{0x00000000953dfd88}> (0x00000000953dfd88) 
thrown [s\src\hotspot\share\prims\jni.cpp, line 535]
Event: 4480.512 Thread 0x000001ce5435cb90 Exception <a 'sun/nio/fs/WindowsException'{0x00000000953e32f0}> (0x00000000953e32f0) 
thrown [s\src\hotspot\share\prims\jni.cpp, line 535]
Event: 4484.240 Thread 0x000001ce5435cb90 Exception <a 'sun/nio/fs/WindowsException'{0x000000009255fcc8}> (0x000000009255fcc8) 
thrown [s\src\hotspot\share\prims\jni.cpp, line 535]
Event: 4484.241 Thread 0x000001ce5435cb90 Exception <a 'sun/nio/fs/WindowsException'{0x00000000925611f8}> (0x00000000925611f8) 
thrown [s\src\hotspot\share\prims\jni.cpp, line 535]
Event: 4484.242 Thread 0x000001ce5435cb90 Exception <a 'sun/nio/fs/WindowsException'{0x0000000092562778}> (0x0000000092562778) 
thrown [s\src\hotspot\share\prims\jni.cpp, line 535]
Event: 4484.242 Thread 0x000001ce5435cb90 Exception <a 'sun/nio/fs/WindowsException'{0x0000000092563cf8}> (0x0000000092563cf8) 
thrown [s\src\hotspot\share\prims\jni.cpp, line 535]
Event: 4484.835 Thread 0x000001ce568a8120 Exception <a 'sun/nio/fs/WindowsException'{0x00000000920b05b8}> (0x00000000920b05b8) 
thrown [s\src\hotspot\share\prims\jni.cpp, line 535]

ZGC Phase Switch (0 events):
No events

VM Operations (20 events):
Event: 4084.717 Executing VM operation: Cleanup done
Event: 4091.721 Executing VM operation: Cleanup
Event: 4091.721 Executing VM operation: Cleanup done
Event: 4137.741 Executing VM operation: Cleanup
Event: 4137.741 Executing VM operation: Cleanup done
Event: 4189.766 Executing VM operation: Cleanup
Event: 4189.766 Executing VM operation: Cleanup done
Event: 4272.809 Executing VM operation: Cleanup
Event: 4272.809 Executing VM operation: Cleanup done
Event: 4376.850 Executing VM operation: Cleanup
Event: 4376.857 Executing VM operation: Cleanup done
Event: 4479.897 Executing VM operation: Cleanup
Event: 4479.897 Executing VM operation: Cleanup done
Event: 4480.897 Executing VM operation: Cleanup
Event: 4480.898 Executing VM operation: Cleanup done
Event: 4481.899 Executing VM operation: Cleanup
Event: 4481.899 Executing VM operation: Cleanup done
Event: 4483.900 Executing VM operation: Cleanup
Event: 4483.900 Executing VM operation: Cleanup done
Event: 4485.805 Executing VM operation: G1CollectForAllocation (G1 Evacuation Pause)

Memory protections (0 events):
No events

Nmethod flushes (20 events):
Event: 3646.143 Thread 0x000001ce4b0c3460 flushing  nmethod 0x000001ce38b5e390
Event: 3646.143 Thread 0x000001ce4b0c3460 flushing  nmethod 0x000001ce38b5fc10
Event: 3646.143 Thread 0x000001ce4b0c3460 flushing  nmethod 0x000001ce38b62890
Event: 3646.143 Thread 0x000001ce4b0c3460 flushing  nmethod 0x000001ce38b68810
Event: 3646.143 Thread 0x000001ce4b0c3460 flushing  nmethod 0x000001ce38b69410
Event: 3646.143 Thread 0x000001ce4b0c3460 flushing  nmethod 0x000001ce38bab190
Event: 3646.144 Thread 0x000001ce4b0c3460 flushing  nmethod 0x000001ce38bb0d10
Event: 3646.144 Thread 0x000001ce4b0c3460 flushing  nmethod 0x000001ce38c49290
Event: 3646.144 Thread 0x000001ce4b0c3460 flushing  nmethod 0x000001ce38c4a710
Event: 3646.144 Thread 0x000001ce4b0c3460 flushing  nmethod 0x000001ce38c4af90
Event: 3646.144 Thread 0x000001ce4b0c3460 flushing  nmethod 0x000001ce38c4ff10
Event: 3646.144 Thread 0x000001ce4b0c3460 flushing  nmethod 0x000001ce38d44410
Event: 3646.144 Thread 0x000001ce4b0c3460 flushing  nmethod 0x000001ce38d48110
Event: 3646.144 Thread 0x000001ce4b0c3460 flushing osr nmethod 0x000001ce38d9d410
Event: 3646.144 Thread 0x000001ce4b0c3460 flushing  nmethod 0x000001ce38da1090
Event: 3646.144 Thread 0x000001ce4b0c3460 flushing  nmethod 0x000001ce38e08890
Event: 3646.144 Thread 0x000001ce4b0c3460 flushing  nmethod 0x000001ce38e0e710
Event: 3646.144 Thread 0x000001ce4b0c3460 flushing  nmethod 0x000001ce38e10490
Event: 3646.144 Thread 0x000001ce4b0c3460 flushing  nmethod 0x000001ce38e10a90
Event: 3646.144 Thread 0x000001ce4b0c3460 flushing  nmethod 0x000001ce38e11a90

Events (20 events):
Event: 4481.993 Thread 0x000001ce5435cb90 Thread added: 0x000001ce53f0d8a0
Event: 4481.993 Thread 0x000001ce5435cb90 Thread added: 0x000001ce53f06910
Event: 4481.994 Thread 0x000001ce5435cb90 Thread added: 0x000001ce53f0df30
Event: 4481.996 Thread 0x000001ce5435cb90 Thread added: 0x000001ce53f06fa0
Event: 4481.996 Thread 0x000001ce5435cb90 Thread added: 0x000001ce53f0b140
Event: 4482.382 Thread 0x000001ce5435cb90 Thread added: 0x000001ce53f07630
Event: 4482.970 Thread 0x000001ce5435cb90 Thread added: 0x000001ce53f0ec50
Event: 4484.779 Thread 0x000001ce5435cb90 Thread added: 0x000001ce568a8120
Event: 4484.789 Thread 0x000001ce568a8120 Thread added: 0x000001ce5ceeb3a0
Event: 4484.789 Thread 0x000001ce568a8120 Thread added: 0x000001ce5ceea680
Event: 4484.790 Thread 0x000001ce568a8120 Thread added: 0x000001ce5ceead10
Event: 4484.791 Thread 0x000001ce568a8120 Thread added: 0x000001ce5ceeba30
Event: 4484.791 Thread 0x000001ce568a8120 Thread added: 0x000001ce5ceec0c0
Event: 4484.792 Thread 0x000001ce568a8120 Thread added: 0x000001ce5ceecde0
Event: 4484.792 Thread 0x000001ce568a8120 Thread added: 0x000001ce5ceed470
Event: 4484.792 Thread 0x000001ce568a8120 Thread added: 0x000001ce5ceedb00
Event: 4484.795 Thread 0x000001ce568a8120 Thread added: 0x000001ce5cd8e1f0
Event: 4484.795 Thread 0x000001ce568a8120 Thread added: 0x000001ce5cd8ef10
Event: 4484.796 Thread 0x000001ce568a8120 Thread added: 0x000001ce5cd902c0
Event: 4484.805 Thread 0x000001ce5ceea680 Thread added: 0x000001ce6267cde0


Dynamic libraries:
0x00007ff751d40000 - 0x00007ff751d4a000 	C:\Program Files\Android\Android Studio\jbr\bin\java.exe
0x00007ffcbdb10000 - 0x00007ffcbdd27000 	C:\WINDOWS\SYSTEM32\ntdll.dll
0x00007ffcbccf0000 - 0x00007ffcbcdb4000 	C:\WINDOWS\System32\KERNEL32.DLL
0x00007ffcbb170000 - 0x00007ffcbb541000 	C:\WINDOWS\System32\KERNELBASE.dll
0x00007ffcbae80000 - 0x00007ffcbaf91000 	C:\WINDOWS\System32\ucrtbase.dll
0x00007ffca8a80000 - 0x00007ffca8a98000 	C:\Program Files\Android\Android Studio\jbr\bin\jli.dll
0x00007ffcb3190000 - 0x00007ffcb31ab000 	C:\Program Files\Android\Android Studio\jbr\bin\VCRUNTIME140.dll
0x00007ffcbd150000 - 0x00007ffcbd301000 	C:\WINDOWS\System32\USER32.dll
0x00007ffcab4d0000 - 0x00007ffcab762000 	C:\WINDOWS\WinSxS\amd64_microsoft.windows.common-controls_6595b64144ccf1df_6.0.22621.4830_none_270fe7d773858e80\COMCTL32.dll
0x00007ffcbb0c0000 - 0x00007ffcbb0e6000 	C:\WINDOWS\System32\win32u.dll
0x00007ffcbd880000 - 0x00007ffcbd927000 	C:\WINDOWS\System32\msvcrt.dll
0x00007ffcbc140000 - 0x00007ffcbc169000 	C:\WINDOWS\System32\GDI32.dll
0x00007ffcbafa0000 - 0x00007ffcbb0bb000 	C:\WINDOWS\System32\gdi32full.dll
0x00007ffcbb580000 - 0x00007ffcbb61a000 	C:\WINDOWS\System32\msvcp_win.dll
0x00007ffcbd930000 - 0x00007ffcbd961000 	C:\WINDOWS\System32\IMM32.DLL
0x00007ffcb4c00000 - 0x00007ffcb4c0c000 	C:\Program Files\Android\Android Studio\jbr\bin\vcruntime140_1.dll
0x00007ffc9c930000 - 0x00007ffc9c9bd000 	C:\Program Files\Android\Android Studio\jbr\bin\msvcp140.dll
0x00007ffc69990000 - 0x00007ffc6a61b000 	C:\Program Files\Android\Android Studio\jbr\bin\server\jvm.dll
0x00007ffcbda00000 - 0x00007ffcbdab1000 	C:\WINDOWS\System32\ADVAPI32.dll
0x00007ffcbb7e0000 - 0x00007ffcbb887000 	C:\WINDOWS\System32\sechost.dll
0x00007ffcbb550000 - 0x00007ffcbb578000 	C:\WINDOWS\System32\bcrypt.dll
0x00007ffcbbb90000 - 0x00007ffcbbca4000 	C:\WINDOWS\System32\RPCRT4.dll
0x00007ffcbd480000 - 0x00007ffcbd4f1000 	C:\WINDOWS\System32\WS2_32.dll
0x00007ffcb9ac0000 - 0x00007ffcb9b0d000 	C:\WINDOWS\SYSTEM32\POWRPROF.dll
0x00007ffcb9940000 - 0x00007ffcb994a000 	C:\WINDOWS\SYSTEM32\VERSION.dll
0x00007ffcb2bb0000 - 0x00007ffcb2be4000 	C:\WINDOWS\SYSTEM32\WINMM.dll
0x00007ffcb9aa0000 - 0x00007ffcb9ab3000 	C:\WINDOWS\SYSTEM32\UMPDC.dll
0x00007ffcb9d60000 - 0x00007ffcb9d78000 	C:\WINDOWS\SYSTEM32\kernel.appcore.dll
0x00007ffcaf820000 - 0x00007ffcaf82a000 	C:\Program Files\Android\Android Studio\jbr\bin\jimage.dll
0x00007ffcb7ff0000 - 0x00007ffcb8222000 	C:\WINDOWS\SYSTEM32\DBGHELP.DLL
0x00007ffcbcdc0000 - 0x00007ffcbd150000 	C:\WINDOWS\System32\combase.dll
0x00007ffcbba50000 - 0x00007ffcbbb27000 	C:\WINDOWS\System32\OLEAUT32.dll
0x00007ffcad6a0000 - 0x00007ffcad6d2000 	C:\WINDOWS\SYSTEM32\dbgcore.DLL
0x00007ffcbb0f0000 - 0x00007ffcbb16b000 	C:\WINDOWS\System32\bcryptPrimitives.dll
0x00007ffcb3ba0000 - 0x00007ffcb3bae000 	C:\Program Files\Android\Android Studio\jbr\bin\instrument.dll
0x00007ffca91b0000 - 0x00007ffca91d0000 	C:\Program Files\Android\Android Studio\jbr\bin\java.dll
0x00007ffca9190000 - 0x00007ffca91a8000 	C:\Program Files\Android\Android Studio\jbr\bin\zip.dll
0x00007ffcbc1f0000 - 0x00007ffcbca78000 	C:\WINDOWS\System32\SHELL32.dll
0x00007ffcbb620000 - 0x00007ffcbb75f000 	C:\WINDOWS\System32\wintypes.dll
0x00007ffcb8f90000 - 0x00007ffcb989d000 	C:\WINDOWS\SYSTEM32\windows.storage.dll
0x00007ffcbd510000 - 0x00007ffcbd61a000 	C:\WINDOWS\System32\SHCORE.dll
0x00007ffcbd310000 - 0x00007ffcbd36e000 	C:\WINDOWS\System32\shlwapi.dll
0x00007ffcbab80000 - 0x00007ffcbabab000 	C:\WINDOWS\SYSTEM32\profapi.dll
0x00007ffcaf3f0000 - 0x00007ffcaf400000 	C:\Program Files\Android\Android Studio\jbr\bin\net.dll
0x00007ffcb3740000 - 0x00007ffcb386c000 	C:\WINDOWS\SYSTEM32\WINHTTP.dll
0x00007ffcba1e0000 - 0x00007ffcba24a000 	C:\WINDOWS\system32\mswsock.dll
0x00007ffca8da0000 - 0x00007ffca8db6000 	C:\Program Files\Android\Android Studio\jbr\bin\nio.dll
0x00007ffca87c0000 - 0x00007ffca87d0000 	C:\Program Files\Android\Android Studio\jbr\bin\verify.dll
0x00007ffca25e0000 - 0x00007ffca2607000 	C:\Users\TheRe\.gradle\native\c067742578af261105cb4f569cf0c3c89f3d7b1fecec35dd04571415982c5e48\windows-amd64\native-platform.dll
0x00007ffc98240000 - 0x00007ffc98384000 	C:\Users\TheRe\.gradle\native\100fb08df4bc3b14c8652ba06237920a3bd2aa13389f12d3474272988ae205f9\windows-amd64\native-platform-file-events.dll
0x00007ffca9060000 - 0x00007ffca9069000 	C:\Program Files\Android\Android Studio\jbr\bin\management.dll
0x00007ffca8b40000 - 0x00007ffca8b4b000 	C:\Program Files\Android\Android Studio\jbr\bin\management_ext.dll
0x00007ffcbd500000 - 0x00007ffcbd508000 	C:\WINDOWS\System32\PSAPI.DLL
0x00007ffcba460000 - 0x00007ffcba47b000 	C:\WINDOWS\SYSTEM32\CRYPTSP.dll
0x00007ffcb9cc0000 - 0x00007ffcb9cf7000 	C:\WINDOWS\system32\rsaenh.dll
0x00007ffcba2f0000 - 0x00007ffcba318000 	C:\WINDOWS\SYSTEM32\USERENV.dll
0x00007ffcba450000 - 0x00007ffcba45c000 	C:\WINDOWS\SYSTEM32\CRYPTBASE.dll
0x00007ffcb8c90000 - 0x00007ffcb8cbd000 	C:\WINDOWS\SYSTEM32\IPHLPAPI.DLL
0x00007ffcbbcb0000 - 0x00007ffcbbcb9000 	C:\WINDOWS\System32\NSI.dll
0x00007ffca9180000 - 0x00007ffca9189000 	C:\Program Files\Android\Android Studio\jbr\bin\extnet.dll
0x00007ffc5cdf0000 - 0x00007ffc5cdf8000 	C:\WINDOWS\system32\wshunix.dll
0x00007ffc647f0000 - 0x00007ffc64807000 	C:\WINDOWS\system32\napinsp.dll
0x00007ffc629d0000 - 0x00007ffc629eb000 	C:\WINDOWS\system32\pnrpnsp.dll
0x00007ffcb8cc0000 - 0x00007ffcb8dc2000 	C:\WINDOWS\SYSTEM32\DNSAPI.dll
0x00007ffc62760000 - 0x00007ffc62771000 	C:\WINDOWS\System32\winrnr.dll
0x00007ffcb3e00000 - 0x00007ffcb3e15000 	C:\WINDOWS\system32\wshbth.dll
0x00007ffc626a0000 - 0x00007ffc626c7000 	C:\WINDOWS\system32\nlansp_c.dll
0x00007ffcad820000 - 0x00007ffcad82a000 	C:\Windows\System32\rasadhlp.dll
0x00007ffcb2e70000 - 0x00007ffcb2ef3000 	C:\WINDOWS\System32\fwpuclnt.dll
0x00007ffcaf400000 - 0x00007ffcaf407000 	C:\Program Files\Android\Android Studio\jbr\bin\rmi.dll

dbghelp: loaded successfully - version: 4.0.5 - missing functions: none
symbol engine: initialized successfully - sym options: 0x614 - pdb path: .;C:\Program Files\Android\Android Studio\jbr\bin;C:\WINDOWS\SYSTEM32;C:\WINDOWS\WinSxS\amd64_microsoft.windows.common-controls_6595b64144ccf1df_6.0.22621.4830_none_270fe7d773858e80;C:\Program Files\Android\Android Studio\jbr\bin\server;C:\Users\TheRe\.gradle\native\c067742578af261105cb4f569cf0c3c89f3d7b1fecec35dd04571415982c5e48\windows-amd64;C:\Users\TheRe\.gradle\native\100fb08df4bc3b14c8652ba06237920a3bd2aa13389f12d3474272988ae205f9\windows-amd64

VM Arguments:
jvm_args: --add-opens=java.base/java.util=ALL-UNNAMED --add-opens=java.base/java.lang=ALL-UNNAMED --add-opens=java.base/java.lang.invoke=ALL-UNNAMED --add-opens=java.prefs/java.util.prefs=ALL-UNNAMED --add-exports=jdk.compiler/com.sun.tools.javac.api=ALL-UNNAMED --add-exports=jdk.compiler/com.sun.tools.javac.util=ALL-UNNAMED --add-opens=java.base/java.nio.charset=ALL-UNNAMED --add-opens=java.base/java.net=ALL-UNNAMED --add-opens=java.base/java.util.concurrent.atomic=ALL-UNNAMED -Xmx2048m -Dfile.encoding=UTF-8 -Duser.country=NO -Duser.language=no -Duser.variant -javaagent:C:\Users\TheRe\.gradle\wrapper\dists\gradle-8.10.2-bin\a04bxjujx95o3nb99gddekhwo\gradle-8.10.2\lib\agents\gradle-instrumentation-agent-8.10.2.jar 
java_command: org.gradle.launcher.daemon.bootstrap.GradleDaemon 8.10.2
java_class_path (initial): C:\Users\TheRe\.gradle\wrapper\dists\gradle-8.10.2-bin\a04bxjujx95o3nb99gddekhwo\gradle-8.10.2\lib\gradle-daemon-main-8.10.2.jar
Launcher Type: SUN_STANDARD

[Global flags]
     intx CICompilerCount                          = 4                                         {product} {ergonomic}
     uint ConcGCThreads                            = 3                                         {product} {ergonomic}
     uint G1ConcRefinementThreads                  = 10                                        {product} {ergonomic}
   size_t G1HeapRegionSize                         = 1048576                                   {product} {ergonomic}
    uintx GCDrainStackTargetSize                   = 64                                        {product} {ergonomic}
   size_t InitialHeapSize                          = 98566144                                  {product} {ergonomic}
   size_t MarkStackSize                            = 4194304                                   {product} {ergonomic}
   size_t MaxHeapSize                              = 2147483648                                {product} {command line}
   size_t MaxNewSize                               = 1287651328                                {product} {ergonomic}
   size_t MinHeapDeltaBytes                        = 1048576                                   {product} {ergonomic}
   size_t MinHeapSize                              = 8388608                                   {product} {ergonomic}
    uintx NonNMethodCodeHeapSize                   = 5839372                                {pd product} {ergonomic}
    uintx NonProfiledCodeHeapSize                  = 122909434                              {pd product} {ergonomic}
    uintx ProfiledCodeHeapSize                     = 122909434                              {pd product} {ergonomic}
    uintx ReservedCodeCacheSize                    = 251658240                              {pd product} {ergonomic}
     bool SegmentedCodeCache                       = true                                      {product} {ergonomic}
   size_t SoftMaxHeapSize                          = 2147483648                             {manageable} {ergonomic}
     bool UseCompressedOops                        = true                           {product lp64_product} {ergonomic}
     bool UseG1GC                                  = true                                      {product} {ergonomic}
     bool UseLargePagesIndividualAllocation        = false                                  {pd product} {ergonomic}

Logging:
Log output configuration:
 #0: stdout all=warning uptime,level,tags foldmultilines=false
 #1: stderr all=off uptime,level,tags foldmultilines=false

Environment Variables:
JAVA_HOME=C:\Users\TheRe\AppData\Local\Programs\Eclipse Adoptium\jdk-17.0.11.9-hotspot\
PATH=c:\Users\TheRe\AppData\Local\Programs\cursor\resources\app\bin;C:\WINDOWS\system32;C:\WINDOWS;C:\WINDOWS\System32\Wbem;C:\WINDOWS\System32\WindowsPowerShell\v1.0\;C:\WINDOWS\System32\OpenSSH\;C:\Program Files\Git\cmd;C:\Users\TheRe\AppData\Local\Programs\Eclipse Adoptium\jdk-17.0.11.9-hotspot\bin;C:\Users\TheRe\AppData\Local\Microsoft\WindowsApps;C:\Users\TheRe\AppData\Local\Microsoft\WindowsApps;;c:\Users\TheRe\AppData\Local\Programs\cursor\resources\app\bin;C:\Users\TheRe\AppData\Local\Programs\Eclipse Adoptium\jdk-17.0.11.9-hotspot\bin;C:\Users\TheRe\AppData\Local\Microsoft\WindowsApps;C:\Users\TheRe\AppData\Local\Programs\Microsoft VS Code\bin;C:\Users\TheRe\AppData\Local\Microsoft\WindowsApps;C:\Users\TheRe\AppData\Local\Programs\cursor\resources\app\bin
USERNAME=TheRe
OS=Windows_NT
PROCESSOR_IDENTIFIER=AMD64 Family 25 Model 80 Stepping 0, AuthenticAMD
TMP=C:\Users\TheRe\AppData\Local\Temp
TEMP=C:\Users\TheRe\AppData\Local\Temp




Periodic native trim disabled

JNI global refs:
JNI global refs: 28, weak refs: 0

JNI global refs memory usage: 835, weak refs: 833

Process memory usage:
Resident Set Size: 329072K (5% of 6150904K total physical memory with 103032K free physical memory)

OOME stack traces (most recent first):
Classloader memory used:
Loader org.gradle.internal.classloader.VisitableURLClassLoader$InstrumentingVisitableURLClassLoader: 55871K
Loader org.gradle.internal.classloader.VisitableURLClassLoader                         : 45925K
Loader bootstrap                                                                       : 30003K
Loader org.gradle.initialization.MixInLegacyTypesClassLoader                           : 12559K
Loader jdk.internal.reflect.DelegatingClassLoader                                      : 792K
Loader jdk.internal.loader.ClassLoaders$PlatformClassLoader                            : 548K
Loader org.gradle.internal.classloader.VisitableURLClassLoader                         : 372K
Loader jdk.internal.loader.ClassLoaders$AppClassLoader                                 : 235K
Loader sun.reflect.misc.MethodUtil                                                     : 2952B

Classes loaded by more than one classloader:
Class Program                                                                         : loaded 5 times (x 68B)
Class Build_gradle                                                                    : loaded 3 times (x 126B)
Class Build_gradle$1                                                                  : loaded 3 times (x 70B)
Class org.gradle.internal.classloader.FilteringClassLoader                            : loaded 2 times (x 101B)
Class com.google.common.io.FileWriteMode                                              : loaded 2 times (x 75B)
Class [Lcom.google.common.base.AbstractIterator$State;                                : loaded 2 times (x 65B)
Class com.google.common.base.CharMatcher$IsEither                                     : loaded 2 times (x 107B)
Class org.gradle.internal.classloader.ClassLoaderHierarchy                            : loaded 2 times (x 66B)
Class com.google.common.collect.ImmutableEnumSet                                      : loaded 2 times (x 142B)
Class com.google.common.util.concurrent.ExecutionError                                : loaded 2 times (x 78B)
Class com.google.common.collect.ImmutableList$1                                       : loaded 2 times (x 93B)
Class org.gradle.api.internal.classpath.ManifestUtil                                  : loaded 2 times (x 67B)
Class com.google.common.io.ByteArrayDataOutput                                        : loaded 2 times (x 66B)
Class com.google.common.collect.RegularImmutableMap                                   : loaded 2 times (x 117B)
Class com.google.common.collect.ImmutableMap$MapViewOfValuesAsSingletonSets           : loaded 2 times (x 121B)
Class com.google.common.reflect.TypeCapture                                           : loaded 2 times (x 67B)
Class [Lorg.objectweb.asm.Symbol;                                                     : loaded 2 times (x 65B)
Class org.objectweb.asm.ClassVisitor                                                  : loaded 2 times (x 84B)
Class com.google.common.collect.UnmodifiableListIterator                              : loaded 2 times (x 91B)
Class com.google.common.base.Platform$JdkPatternCompiler                              : loaded 2 times (x 71B)
Class org.objectweb.asm.MethodTooLargeException                                       : loaded 2 times (x 79B)
Class [Lcom.google.common.cache.CacheBuilder$OneWeigher;                              : loaded 2 times (x 65B)
Class com.google.common.base.Suppliers                                                : loaded 2 times (x 67B)
Class org.gradle.internal.classloader.DefaultClassLoaderFactory                       : loaded 2 times (x 78B)
Class com.google.common.io.ByteSource$ConcatenatedByteSource                          : loaded 2 times (x 81B)
Class [Lcom.google.common.collect.AbstractIterator$State;                             : loaded 2 times (x 65B)
Class com.google.common.base.CharMatcher$None                                         : loaded 2 times (x 108B)
Class org.gradle.internal.classloader.ClassLoaderVisitor                              : loaded 2 times (x 72B)
Class [Lcom.google.common.collect.ImmutableMapEntry;                                  : loaded 2 times (x 65B)
Class org.gradle.api.internal.classpath.EffectiveClassPath                            : loaded 2 times (x 86B)
Class com.google.common.collect.CollectSpliterators$1WithCharacteristics              : loaded 2 times (x 86B)
Class com.google.common.collect.AbstractIterator$1                                    : loaded 2 times (x 67B)
Class com.google.common.collect.ImmutableRangeSet                                     : loaded 2 times (x 111B)
Class com.google.common.collect.ImmutableEnumMap                                      : loaded 2 times (x 121B)
Class com.google.common.collect.ListMultimap                                          : loaded 2 times (x 66B)
Class com.google.common.collect.ImmutableSet$SerializedForm                           : loaded 2 times (x 69B)
Class com.google.common.collect.Sets$1                                                : loaded 2 times (x 135B)
Class org.objectweb.asm.AnnotationVisitor                                             : loaded 2 times (x 74B)
Class com.google.common.base.Splitter                                                 : loaded 2 times (x 68B)
Class org.gradle.api.internal.DefaultClassPathProvider                                : loaded 2 times (x 72B)
Class [Lcom.google.common.base.Function;                                              : loaded 2 times (x 65B)
Class com.google.common.collect.Maps$ViewCachingAbstractMap                           : loaded 2 times (x 121B)
Class com.google.common.collect.Sets$2                                                : loaded 2 times (x 135B)
Class [Lorg.gradle.api.internal.ClassPathProvider;                                    : loaded 2 times (x 65B)
Class org.gradle.api.internal.ClassPathProvider                                       : loaded 2 times (x 66B)
Class com.google.common.reflect.Types$ClassOwnership$1                                : loaded 2 times (x 76B)
Class [Lorg.objectweb.asm.AnnotationVisitor;                                          : loaded 2 times (x 65B)
Class com.google.common.collect.Sets$3                                                : loaded 2 times (x 135B)
Class com.google.common.util.concurrent.AbstractFuture$SafeAtomicHelper               : loaded 2 times (x 75B)
Class com.google.common.cache.LocalCache$LocalLoadingCache                            : loaded 2 times (x 130B)
Class com.google.common.base.AbstractIterator$State                                   : loaded 2 times (x 75B)
Class org.gradle.internal.service.UnknownServiceException                             : loaded 2 times (x 79B)
Class com.google.common.reflect.Types$ClassOwnership$2                                : loaded 2 times (x 76B)
Class com.google.common.reflect.TypeResolver                                          : loaded 2 times (x 68B)
Class com.google.common.io.ByteArrayDataInput                                         : loaded 2 times (x 66B)
Class com.google.common.collect.Sets$4                                                : loaded 2 times (x 135B)
Class org.objectweb.asm.ModuleVisitor                                                 : loaded 2 times (x 77B)
Class com.google.common.cache.LocalCache$Strength$1                                   : loaded 2 times (x 77B)
Class com.google.common.reflect.Types$ClassOwnership$3                                : loaded 2 times (x 67B)
Class com.google.common.collect.Collections2$FilteredCollection                       : loaded 2 times (x 115B)
Class com.google.common.util.concurrent.SettableFuture                                : loaded 2 times (x 110B)
Class com.google.common.cache.LocalCache$Strength$2                                   : loaded 2 times (x 77B)
Class com.google.common.io.ByteStreams                                                : loaded 2 times (x 67B)
Class [Lcom.google.common.collect.Maps$EntryFunction;                                 : loaded 2 times (x 65B)
Class com.google.common.collect.TransformedIterator                                   : loaded 2 times (x 76B)
Class com.google.common.cache.LocalCache$Strength$3                                   : loaded 2 times (x 77B)
Class com.google.common.collect.MapDifference                                         : loaded 2 times (x 66B)
Class com.google.common.base.Splitter$1                                               : loaded 2 times (x 73B)
Class com.google.common.reflect.Invokable                                             : loaded 2 times (x 99B)
Class org.objectweb.asm.FieldWriter                                                   : loaded 2 times (x 74B)
Class com.google.common.cache.CacheBuilder$NullListener                               : loaded 2 times (x 78B)
Class org.gradle.internal.classpath.TransformedClassPath                              : loaded 2 times (x 92B)
Class org.gradle.internal.classloader.InstrumentingClassLoader                        : loaded 2 times (x 66B)
Class com.google.common.reflect.Types$ParameterizedTypeImpl                           : loaded 2 times (x 77B)
Class com.google.common.collect.Maps$IteratorBasedAbstractMap$1                       : loaded 2 times (x 134B)
Class com.google.common.collect.ImmutableRangeSet$AsSet                               : loaded 2 times (x 295B)
Class com.google.common.cache.CacheLoader$FunctionToCacheLoader                       : loaded 2 times (x 71B)
Class com.google.common.collect.Iterators$ArrayItr                                    : loaded 2 times (x 93B)
Class com.google.common.collect.ImmutableCollection$Builder                           : loaded 2 times (x 72B)
Class com.google.common.reflect.TypeResolver$TypeVariableKey                          : loaded 2 times (x 68B)
Class com.google.common.base.Joiner                                                   : loaded 2 times (x 75B)
Class com.google.common.base.MoreObjects                                              : loaded 2 times (x 67B)
Class [Lorg.objectweb.asm.Type;                                                       : loaded 2 times (x 65B)
Class com.google.common.collect.Platform                                              : loaded 2 times (x 67B)
Class com.google.common.collect.UnmodifiableIterator                                  : loaded 2 times (x 76B)
Class org.gradle.internal.service.ServiceLocator                                      : loaded 2 times (x 66B)
Class com.google.common.base.Ascii                                                    : loaded 2 times (x 67B)
Class com.google.common.collect.SingletonImmutableBiMap                               : loaded 2 times (x 139B)
Class com.google.common.cache.LocalCache$1                                            : loaded 2 times (x 85B)
Class com.google.common.collect.AbstractMapEntry                                      : loaded 2 times (x 77B)
Class com.google.common.reflect.TypeToken$SimpleTypeToken                             : loaded 2 times (x 69B)
Class com.google.common.io.ByteSource$ByteArrayByteSource                             : loaded 2 times (x 81B)
Class com.google.common.collect.Sets$ImprovedAbstractSet                              : loaded 2 times (x 131B)
Class com.google.common.collect.ImmutableList$Builder                                 : loaded 2 times (x 73B)
Class com.google.common.cache.LocalCache$2                                            : loaded 2 times (x 138B)
Class com.google.common.collect.AbstractMultimap                                      : loaded 2 times (x 119B)
Class com.google.common.collect.ImmutableRangeSet$1                                   : loaded 2 times (x 205B)
Class com.google.common.util.concurrent.AbstractFuture$UnsafeAtomicHelper$1           : loaded 2 times (x 72B)
Class com.google.common.collect.RegularImmutableAsList                                : loaded 2 times (x 212B)
Class com.google.common.base.Optional                                                 : loaded 2 times (x 76B)
Class com.google.common.collect.Range                                                 : loaded 2 times (x 83B)
Class com.google.common.util.concurrent.AbstractFuture$Trusted                        : loaded 2 times (x 66B)
Class com.google.common.collect.Iterators                                             : loaded 2 times (x 67B)
Class com.google.common.base.CharMatcher$RangesMatcher                                : loaded 2 times (x 108B)
Class com.google.common.io.ByteSink$AsCharSink                                        : loaded 2 times (x 76B)
Class com.google.common.util.concurrent.UncheckedExecutionException                   : loaded 2 times (x 78B)
Class com.google.common.collect.Lists$StringAsImmutableList                           : loaded 2 times (x 203B)
Class org.gradle.kotlin.dsl.VersionCatalogAccessorsKt                                 : loaded 2 times (x 67B)
Class com.google.common.collect.ImmutableSortedSetFauxverideShim                      : loaded 2 times (x 143B)
Class com.google.common.base.CharMatcher$JavaLetterOrDigit                            : loaded 2 times (x 107B)
Class org.gradle.internal.InternalTransformer                                         : loaded 2 times (x 66B)
Class com.google.common.collect.AbstractMapBasedMultimap$KeySet$1                     : loaded 2 times (x 78B)
Class org.objectweb.asm.ClassWriter                                                   : loaded 2 times (x 102B)
Class com.google.common.cache.CacheLoader$UnsupportedLoadingOperationException        : loaded 2 times (x 78B)
Class com.google.common.base.CharMatcher$And                                          : loaded 2 times (x 108B)
Class org.gradle.internal.classloader.ClasspathUtil$1                                 : loaded 2 times (x 72B)
Class com.google.common.collect.FluentIterable$1                                      : loaded 2 times (x 77B)
Class com.google.common.base.Objects                                                  : loaded 2 times (x 67B)
Class org.objectweb.asm.FieldVisitor                                                  : loaded 2 times (x 73B)
Class com.google.common.collect.IndexedImmutableSet                                   : loaded 2 times (x 146B)
Class com.google.common.collect.ImmutableMap$1                                        : loaded 2 times (x 77B)
Class com.google.common.collect.BiMap                                                 : loaded 2 times (x 66B)
Class org.gradle.api.internal.classpath.DefaultModuleRegistry$DefaultModule           : loaded 2 times (x 82B)
Class com.google.common.reflect.Reflection                                            : loaded 2 times (x 67B)
Class com.google.common.collect.FluentIterable$2                                      : loaded 2 times (x 77B)
Class com.google.common.base.Absent                                                   : loaded 2 times (x 76B)
Class com.google.common.primitives.Ints                                               : loaded 2 times (x 67B)
Class com.google.common.collect.RegularImmutableMap$KeySet                            : loaded 2 times (x 146B)
Class com.google.common.collect.FluentIterable$3                                      : loaded 2 times (x 77B)
Class com.google.common.math.MathPreconditions                                        : loaded 2 times (x 67B)
Class com.google.common.collect.Multiset                                              : loaded 2 times (x 66B)
Class com.google.common.collect.ArrayListMultimapGwtSerializationDependencies         : loaded 2 times (x 168B)
Class com.google.common.collect.ObjectArrays                                          : loaded 2 times (x 67B)
Class com.google.common.collect.AbstractIndexedListIterator                           : loaded 2 times (x 92B)
Class com.google.common.collect.ImmutableMapEntrySet                                  : loaded 2 times (x 147B)
Class org.gradle.api.internal.classpath.Module                                        : loaded 2 times (x 66B)
Class com.google.common.cache.Weigher                                                 : loaded 2 times (x 66B)
Class org.gradle.api.internal.classpath.UnknownModuleException                        : loaded 2 times (x 78B)
Class com.google.common.base.Stopwatch                                                : loaded 2 times (x 68B)
Class com.google.common.cache.LocalCache$Strength                                     : loaded 2 times (x 77B)
Class com.google.common.cache.Cache                                                   : loaded 2 times (x 66B)
Class com.google.common.io.Files$2                                                    : loaded 2 times (x 72B)
Class com.google.common.util.concurrent.AbstractFuture$Cancellation                   : loaded 2 times (x 68B)
Class com.google.common.collect.ImmutableMap$Builder                                  : loaded 2 times (x 78B)
Class com.google.common.base.NullnessCasts                                            : loaded 2 times (x 67B)
Class com.google.common.collect.Maps$EntryFunction$1                                  : loaded 2 times (x 87B)
Class com.google.common.base.Present                                                  : loaded 2 times (x 77B)
Class com.google.common.cache.RemovalListener                                         : loaded 2 times (x 66B)
Class org.gradle.api.internal.DefaultClassPathRegistry                                : loaded 2 times (x 72B)
Class com.google.common.reflect.Invokable$ConstructorInvokable                        : loaded 2 times (x 103B)
Class com.google.common.collect.Maps$EntryFunction$2                                  : loaded 2 times (x 87B)
Class com.google.common.primitives.IntsMethodsForWeb                                  : loaded 2 times (x 67B)
Class com.google.common.collect.Multimap                                              : loaded 2 times (x 66B)
Class org.gradle.api.internal.ClassPathRegistry                                       : loaded 2 times (x 66B)
Class org.gradle.internal.classpath.DefaultClassPath$ImmutableUniqueList              : loaded 2 times (x 195B)
Class com.google.common.reflect.TypeToken                                             : loaded 2 times (x 69B)
Class com.google.common.collect.NullnessCasts                                         : loaded 2 times (x 67B)
Class com.google.common.base.ExtraObjectsMethodsForWeb                                : loaded 2 times (x 67B)
Class com.google.common.base.Equivalence$Identity                                     : loaded 2 times (x 78B)
Class com.google.common.io.ByteSink                                                   : loaded 2 times (x 72B)
Class com.google.common.cache.CacheBuilder                                            : loaded 2 times (x 68B)
Class com.google.common.collect.SingletonImmutableList                                : loaded 2 times (x 203B)
Class Settings_gradle$1                                                               : loaded 2 times (x 71B)
Class org.gradle.internal.classpath.ClassPath                                         : loaded 2 times (x 66B)
Class org.gradle.api.UncheckedIOException                                             : loaded 2 times (x 78B)
Class [Lcom.google.common.reflect.Types$JavaVersion;                                  : loaded 2 times (x 65B)
Class com.google.common.io.Files$FileByteSource                                       : loaded 2 times (x 81B)
Class com.google.common.collect.ImmutableList$ReverseImmutableList                    : loaded 2 times (x 204B)
Class com.google.common.base.JdkPattern                                               : loaded 2 times (x 71B)
Class org.objectweb.asm.SymbolTable$Entry                                             : loaded 2 times (x 70B)
Class com.google.common.util.concurrent.AbstractFuture$AtomicHelper                   : loaded 2 times (x 74B)
Class org.objectweb.asm.Edge                                                          : loaded 2 times (x 68B)
Class com.google.common.base.Suppliers$SupplierOfInstance                             : loaded 2 times (x 75B)
Class com.google.common.collect.Iterators$1                                           : loaded 2 times (x 77B)
Class com.google.common.reflect.TypeToken$1                                           : loaded 2 times (x 106B)
Class com.google.common.cache.LocalCache$ComputingValueReference                      : loaded 2 times (x 92B)
Class com.google.common.collect.SingletonImmutableSet                                 : loaded 2 times (x 142B)
Class com.google.common.collect.ImmutableMap$IteratorBasedImmutableMap                : loaded 2 times (x 121B)
Class com.google.common.reflect.TypeToken$2                                           : loaded 2 times (x 106B)
Class com.google.common.cache.LocalCache$Segment                                      : loaded 2 times (x 150B)
Class com.google.common.collect.SortedIterable                                        : loaded 2 times (x 66B)
Class [Lorg.objectweb.asm.SymbolTable$Entry;                                          : loaded 2 times (x 65B)
Class com.google.common.cache.CacheLoader                                             : loaded 2 times (x 70B)
Class com.google.common.collect.Iterators$4                                           : loaded 2 times (x 78B)
Class com.google.common.collect.ImmutableBiMap                                        : loaded 2 times (x 139B)
Class com.google.common.collect.AbstractListMultimap                                  : loaded 2 times (x 168B)
Class org.gradle.internal.installation.GradleInstallation$1                           : loaded 2 times (x 71B)
Class org.gradle.api.internal.classpath.ModuleRegistry                                : loaded 2 times (x 66B)
Class com.google.common.util.concurrent.internal.InternalFutureFailureAccess          : loaded 2 times (x 68B)
Class com.google.common.collect.Iterators$5                                           : loaded 2 times (x 78B)
Class com.google.common.collect.ImmutableSet$JdkBackedSetBuilderImpl                  : loaded 2 times (x 72B)
Class com.google.common.base.Splitter$SplittingIterator                               : loaded 2 times (x 80B)
Class com.google.common.io.Closer$SuppressingSuppressor                               : loaded 2 times (x 71B)
Class com.google.common.collect.Iterators$6                                           : loaded 2 times (x 77B)
Class com.google.common.util.concurrent.AbstractFuture$UnsafeAtomicHelper             : loaded 2 times (x 74B)
Class com.google.common.cache.LocalCache$LocalManualCache$1                           : loaded 2 times (x 71B)
Class com.google.common.base.CharMatcher$ForPredicate                                 : loaded 2 times (x 108B)
Class com.google.common.collect.ImmutableCollection                                   : loaded 2 times (x 121B)
Class com.google.common.base.CharMatcher$AnyOf                                        : loaded 2 times (x 108B)
Class org.gradle.api.internal.classpath.DefaultModuleRegistry                         : loaded 2 times (x 82B)
Class com.google.common.util.concurrent.ListenableFuture                              : loaded 2 times (x 66B)
Class com.google.common.cache.ReferenceEntry                                          : loaded 2 times (x 66B)
Class com.google.common.collect.ImmutableSet$CachingAsList                            : loaded 2 times (x 143B)
Class com.google.common.base.Converter                                                : loaded 2 times (x 86B)
Class com.google.common.collect.Lists                                                 : loaded 2 times (x 67B)
Class com.google.common.base.CharMatcher$Any                                          : loaded 2 times (x 108B)
Class com.google.common.util.concurrent.AbstractFuture                                : loaded 2 times (x 102B)
Class com.google.common.base.FunctionalEquivalence                                    : loaded 2 times (x 79B)
Class com.google.common.collect.Iterators$9                                           : loaded 2 times (x 77B)
Class com.google.common.collect.AbstractMapBasedMultimap                              : loaded 2 times (x 135B)
Class com.google.common.collect.ImmutableAsList                                       : loaded 2 times (x 205B)
Class com.google.common.reflect.TypeResolver$TypeTable                                : loaded 2 times (x 69B)
Class org.objectweb.asm.RecordComponentVisitor                                        : loaded 2 times (x 73B)
Class com.google.common.cache.CacheLoader$SupplierToCacheLoader                       : loaded 2 times (x 71B)
Class com.google.common.reflect.TypeResolver$TypeTable$1                              : loaded 2 times (x 69B)
Class com.google.common.collect.Maps$EntryTransformer                                 : loaded 2 times (x 66B)
Class org.gradle.internal.service.ServiceLookupException                              : loaded 2 times (x 78B)
Class com.google.common.collect.ImmutableSortedSet                                    : loaded 2 times (x 295B)
Class [Lcom.google.common.cache.LocalCache$EntryFactory;                              : loaded 2 times (x 65B)
Class com.google.common.base.CharMatcher$JavaLetter                                   : loaded 2 times (x 107B)
Class org.gradle.internal.classloader.ClassLoaderFactory                              : loaded 2 times (x 66B)
Class com.google.common.cache.LocalCache$LocalManualCache                             : loaded 2 times (x 95B)
Class com.google.common.base.CharMatcher$IsNot                                        : loaded 2 times (x 107B)
Class com.google.common.base.CommonPattern                                            : loaded 2 times (x 70B)
Class org.gradle.internal.service.CachingServiceLocator                               : loaded 2 times (x 78B)
Class com.google.common.collect.AbstractMapBasedMultimap$KeySet                       : loaded 2 times (x 133B)
Class com.google.common.collect.RegularImmutableSortedSet                             : loaded 2 times (x 295B)
Class com.google.common.math.IntMath                                                  : loaded 2 times (x 67B)
Class com.google.common.reflect.Types$TypeVariableInvocationHandler                   : loaded 2 times (x 71B)
Class com.google.common.collect.Iterators$10                                          : loaded 2 times (x 77B)
Class com.google.common.collect.ImmutableMapEntry                                     : loaded 2 times (x 81B)
Class com.google.common.base.CharMatcher$JavaDigit                                    : loaded 2 times (x 107B)
Class com.google.common.base.Predicates                                               : loaded 2 times (x 67B)
Class com.google.common.base.Equivalence                                              : loaded 2 times (x 78B)
Class com.google.common.collect.ImmutableMapEntry$NonTerminalImmutableMapEntry        : loaded 2 times (x 81B)
Class com.google.common.base.Function                                                 : loaded 2 times (x 66B)
Class com.google.common.collect.IndexedImmutableSet$1                                 : loaded 2 times (x 208B)
Class com.google.common.cache.CacheBuilder$OneWeigher                                 : loaded 2 times (x 78B)
Class com.google.common.collect.RegularImmutableList                                  : loaded 2 times (x 208B)
Class com.google.common.reflect.Types$ClassOwnership$1LocalClass                      : loaded 2 times (x 67B)
Class com.google.common.collect.Maps$EntryFunction                                    : loaded 2 times (x 87B)
Class com.google.common.collect.ImmutableBiMapFauxverideShim                          : loaded 2 times (x 116B)
Class org.gradle.internal.classloader.ClasspathUtil                                   : loaded 2 times (x 67B)
Class com.google.common.base.Charsets                                                 : loaded 2 times (x 67B)
Class com.google.common.util.concurrent.Uninterruptibles                              : loaded 2 times (x 67B)
Class com.google.common.io.CharSource                                                 : loaded 2 times (x 81B)
Class com.google.common.collect.Maps                                                  : loaded 2 times (x 67B)
Class com.google.common.base.CharMatcher$JavaUpperCase                                : loaded 2 times (x 107B)
Class org.gradle.api.specs.Spec                                                       : loaded 2 times (x 66B)
Class com.google.common.reflect.Types$JavaVersion                                     : loaded 2 times (x 79B)
Class [Lcom.google.common.collect.ImmutableEntry;                                     : loaded 2 times (x 65B)
Class com.google.common.collect.Sets$3$1                                              : loaded 2 times (x 78B)
Class com.google.common.cache.LocalCache$LoadingValueReference                        : loaded 2 times (x 92B)
Class com.google.common.collect.AbstractIterator                                      : loaded 2 times (x 78B)
Class com.google.common.reflect.Invokable$MethodInvokable                             : loaded 2 times (x 103B)
Class com.google.common.collect.CollectSpliterators                                   : loaded 2 times (x 67B)
Class com.google.common.base.Platform                                                 : loaded 2 times (x 67B)
Class [Lorg.objectweb.asm.AnnotationWriter;                                           : loaded 2 times (x 65B)
Class com.google.common.primitives.Ints$IntConverter                                  : loaded 2 times (x 86B)
Class com.google.common.collect.Maps$8                                                : loaded 2 times (x 78B)
Class com.google.common.base.Predicates$CompositionPredicate                          : loaded 2 times (x 84B)
Class com.google.common.collect.ImmutableRangeSet$Builder                             : loaded 2 times (x 73B)
Class com.google.common.collect.Sets$SetView                                          : loaded 2 times (x 134B)
Class com.google.common.cache.LocalCache$StrongValueReference                         : loaded 2 times (x 86B)
Class com.google.common.util.concurrent.AbstractFuture$SynchronizedHelper             : loaded 2 times (x 74B)
Class com.google.common.base.CharMatcher$Invisible                                    : loaded 2 times (x 108B)
Class com.google.common.graph.SuccessorsFunction                                      : loaded 2 times (x 66B)
Class org.objectweb.asm.Type                                                          : loaded 2 times (x 68B)
Class org.gradle.internal.classloader.VisitableURLClassLoader$InstrumentingVisitableURLClassLoader: loaded 2 times (x 119B)
Class com.google.common.io.Files$FileByteSink                                         : loaded 2 times (x 73B)
Class org.objectweb.asm.ByteVector                                                    : loaded 2 times (x 75B)
Class [Lcom.google.common.cache.CacheBuilder$NullListener;                            : loaded 2 times (x 65B)
Class com.google.common.math.IntMath$1                                                : loaded 2 times (x 67B)
Class org.gradle.internal.classloader.VisitableURLClassLoader$Spec                    : loaded 2 times (x 70B)
Class org.gradle.internal.classpath.DefaultClassPath                                  : loaded 2 times (x 86B)
Class com.google.common.reflect.Types$ClassOwnership                                  : loaded 2 times (x 76B)
Class org.objectweb.asm.Symbol                                                        : loaded 2 times (x 69B)
Class com.google.common.base.AbstractIterator                                         : loaded 2 times (x 76B)
Class com.google.common.io.Closer                                                     : loaded 2 times (x 74B)
Class com.google.common.collect.Sets$FilteredSet                                      : loaded 2 times (x 133B)
Class com.google.common.collect.RegularImmutableMap$Values                            : loaded 2 times (x 203B)
Class com.google.common.collect.ImmutableSet                                          : loaded 2 times (x 141B)
Class com.google.common.base.CharMatcher$BitSetMatcher                                : loaded 2 times (x 108B)
Class com.google.common.base.CharMatcher$Ascii                                        : loaded 2 times (x 108B)
Class org.gradle.internal.classloader.ClassLoaderSpec                                 : loaded 2 times (x 67B)
Class com.google.common.io.ByteSource$EmptyByteSource                                 : loaded 2 times (x 81B)
Class org.objectweb.asm.AnnotationWriter                                              : loaded 2 times (x 75B)
Class com.google.common.cache.CacheStats                                              : loaded 2 times (x 67B)
Class com.google.common.io.LineProcessor                                              : loaded 2 times (x 66B)
Class com.google.common.io.Closer$Suppressor                                          : loaded 2 times (x 66B)
Class org.objectweb.asm.RecordComponentWriter                                         : loaded 2 times (x 74B)
Class com.google.common.util.concurrent.AbstractFuture$Listener                       : loaded 2 times (x 68B)
Class com.google.common.base.CharMatcher$Or                                           : loaded 2 times (x 108B)
Class Settings_gradle$1$1                                                             : loaded 2 times (x 71B)
Class org.objectweb.asm.Attribute                                                     : loaded 2 times (x 73B)
Class com.google.common.base.Supplier                                                 : loaded 2 times (x 66B)
Class org.gradle.internal.classloader.VisitableURLClassLoader                         : loaded 2 times (x 113B)
Class com.google.common.collect.ImmutableList$SerializedForm                          : loaded 2 times (x 69B)
Class com.google.common.util.concurrent.AbstractFuture$Waiter                         : loaded 2 times (x 68B)
Class Settings_gradle                                                                 : loaded 2 times (x 124B)
Class org.gradle.internal.Cast                                                        : loaded 2 times (x 67B)
Class org.gradle.api.Action                                                           : loaded 2 times (x 66B)
Class com.google.common.base.Strings                                                  : loaded 2 times (x 67B)
Class com.google.common.collect.Sets                                                  : loaded 2 times (x 67B)
Class org.objectweb.asm.Handler                                                       : loaded 2 times (x 68B)
Class com.google.common.base.Ticker                                                   : loaded 2 times (x 68B)
Class com.google.common.base.CharMatcher$FastMatcher                                  : loaded 2 times (x 107B)
Class [Lcom.google.common.cache.LocalCache$Segment;                                   : loaded 2 times (x 65B)
Class [Lcom.google.common.cache.LocalCache$Strength;                                  : loaded 2 times (x 65B)
Class com.google.common.cache.CacheBuilder$1                                          : loaded 2 times (x 81B)
Class com.google.common.collect.ImmutableMap                                          : loaded 2 times (x 116B)
Class com.google.common.base.Predicate                                                : loaded 2 times (x 66B)
Class org.gradle.internal.classpath.DefaultClassPath$ImmutableUniqueList$Builder      : loaded 2 times (x 71B)
Class com.google.common.collect.AbstractRangeSet                                      : loaded 2 times (x 110B)
Class com.google.common.cache.LocalCache                                              : loaded 2 times (x 183B)
Class com.google.common.cache.CacheBuilder$2                                          : loaded 2 times (x 68B)
Class com.google.common.base.CharMatcher$NegatedFastMatcher                           : loaded 2 times (x 109B)
Class [Lcom.google.common.collect.AbstractMapEntry;                                   : loaded 2 times (x 65B)
Class com.google.common.collect.ImmutableEntry                                        : loaded 2 times (x 78B)
Class com.google.common.collect.ArrayListMultimap                                     : loaded 2 times (x 168B)
Class com.google.common.base.AbstractIterator$1                                       : loaded 2 times (x 67B)
Class com.google.common.base.CharMatcher$Digit                                        : loaded 2 times (x 108B)
Class org.gradle.api.GradleException                                                  : loaded 2 times (x 78B)
Class com.google.common.base.Suppliers$MemoizingSupplier                              : loaded 2 times (x 75B)
Class com.google.common.collect.CollectPreconditions                                  : loaded 2 times (x 67B)
Class com.google.common.base.CharMatcher$JavaIsoControl                               : loaded 2 times (x 108B)
Class [Lcom.google.common.io.FileWriteMode;                                           : loaded 2 times (x 65B)
Class com.google.common.collect.Maps$AbstractFilteredMap                              : loaded 2 times (x 123B)
Class com.google.common.collect.SortedMapDifference                                   : loaded 2 times (x 66B)
Class com.google.common.base.CharMatcher$JavaLowerCase                                : loaded 2 times (x 107B)
Class com.google.common.io.Files                                                      : loaded 2 times (x 67B)
Class com.google.common.cache.LocalCache$EntryFactory                                 : loaded 2 times (x 79B)
Class com.google.common.reflect.Types$NativeTypeVariableEquals                        : loaded 2 times (x 67B)
Class com.google.common.reflect.TypeParameter                                         : loaded 2 times (x 68B)
Class com.google.common.collect.Iterables$5                                           : loaded 2 times (x 77B)
Class com.google.common.cache.LocalCache$AbstractReferenceEntry                       : loaded 2 times (x 103B)
Class com.google.common.base.Splitter$1$1                                             : loaded 2 times (x 82B)
Class com.google.common.base.CharMatcher$Whitespace                                   : loaded 2 times (x 108B)
Class org.gradle.internal.IoActions                                                   : loaded 2 times (x 67B)
Class com.google.common.collect.ImmutableRangeSet$ComplementRanges                    : loaded 2 times (x 203B)
Class org.objectweb.asm.SymbolTable                                                   : loaded 2 times (x 68B)
Class com.google.common.cache.CacheLoader$InvalidCacheLoadException                   : loaded 2 times (x 78B)
Class com.google.common.collect.ImmutableSet$RegularSetBuilderImpl                    : loaded 2 times (x 73B)
Class com.google.common.base.CharMatcher$SingleWidth                                  : loaded 2 times (x 108B)
Class org.gradle.internal.classloader.SystemClassLoaderSpec                           : loaded 2 times (x 67B)
Class com.google.common.collect.FluentIterable                                        : loaded 2 times (x 77B)
Class com.google.common.cache.LocalCache$StrongEntry                                  : loaded 2 times (x 104B)
Class com.google.common.util.concurrent.AbstractFuture$TrustedFuture                  : loaded 2 times (x 110B)
Class com.google.common.cache.LoadingCache                                            : loaded 2 times (x 66B)
Class com.google.common.base.Suppliers$NonSerializableMemoizingSupplier               : loaded 2 times (x 75B)
Class com.google.common.io.ByteStreams$LimitedInputStream                             : loaded 2 times (x 88B)
Class org.objectweb.asm.MethodWriter                                                  : loaded 2 times (x 102B)
Class [Lcom.google.common.cache.Weigher;                                              : loaded 2 times (x 65B)
Class com.google.common.collect.RegularImmutableMap$BucketOverflowException           : loaded 2 times (x 78B)
Class com.google.common.reflect.Types$JavaVersion$1                                   : loaded 2 times (x 79B)
Class com.google.common.collect.AbstractIterator$State                                : loaded 2 times (x 75B)
Class com.google.common.collect.RegularImmutableBiMap                                 : loaded 2 times (x 144B)
Class com.google.common.cache.LocalCache$ValueReference                               : loaded 2 times (x 66B)
Class com.google.common.base.CharMatcher$Negated                                      : loaded 2 times (x 109B)
Class com.google.common.base.CharMatcher$Is                                           : loaded 2 times (x 107B)
Class com.google.common.reflect.Types$JavaVersion$2                                   : loaded 2 times (x 79B)
Class com.google.common.reflect.Types                                                 : loaded 2 times (x 67B)
Class com.google.common.hash.PrimitiveSink                                            : loaded 2 times (x 66B)
Class com.google.common.base.PatternCompiler                                          : loaded 2 times (x 66B)
Class com.google.common.util.concurrent.AbstractFuture$Failure                        : loaded 2 times (x 68B)
Class com.google.common.base.Equivalence$Equals                                       : loaded 2 times (x 78B)
Class com.google.common.collect.Hashing                                               : loaded 2 times (x 67B)
Class com.google.common.base.Preconditions                                            : loaded 2 times (x 67B)
Class com.google.common.reflect.Types$JavaVersion$3                                   : loaded 2 times (x 79B)
Class com.google.common.io.CharSink                                                   : loaded 2 times (x 75B)
Class com.google.common.base.Joiner$1                                                 : loaded 2 times (x 76B)
Class org.objectweb.asm.Label                                                         : loaded 2 times (x 69B)
Class org.objectweb.asm.CurrentFrame                                                  : loaded 2 times (x 69B)
Class org.objectweb.asm.ClassTooLargeException                                        : loaded 2 times (x 79B)
Class com.google.common.collect.PeekingIterator                                       : loaded 2 times (x 66B)
Class com.google.common.base.CharMatcher                                              : loaded 2 times (x 107B)
Class com.google.common.reflect.Types$JavaVersion$4                                   : loaded 2 times (x 79B)
Class com.google.common.io.ByteSource$AsCharSource                                    : loaded 2 times (x 82B)
Class com.google.common.collect.Maps$IteratorBasedAbstractMap                         : loaded 2 times (x 121B)
Class com.google.common.collect.RangeGwtSerializationDependencies                     : loaded 2 times (x 67B)
Class com.google.common.base.Joiner$2                                                 : loaded 2 times (x 75B)
Class org.objectweb.asm.Frame                                                         : loaded 2 times (x 69B)
Class org.objectweb.asm.MethodVisitor                                                 : loaded 2 times (x 101B)
Class com.google.common.cache.LocalCache$EntryFactory$1                               : loaded 2 times (x 79B)
Class [Lcom.google.common.cache.RemovalListener;                                      : loaded 2 times (x 65B)
Class com.google.common.base.CharMatcher$1                                            : loaded 2 times (x 109B)
Class com.google.common.base.CharMatcher$NamedFastMatcher                             : loaded 2 times (x 108B)
Class com.google.common.reflect.Types$JavaVersion$5                                   : loaded 2 times (x 67B)
Class [Lcom.google.common.reflect.Types$ClassOwnership;                               : loaded 2 times (x 65B)
Class com.google.common.collect.RangeSet                                              : loaded 2 times (x 66B)
Class com.google.common.cache.LocalCache$EntryFactory$2                               : loaded 2 times (x 79B)
Class org.gradle.api.internal.classpath.GlobalCacheRootsProvider                      : loaded 2 times (x 66B)
Class com.google.common.collect.CollectCollectors                                     : loaded 2 times (x 67B)
Class org.objectweb.asm.ModuleWriter                                                  : loaded 2 times (x 78B)
Class com.google.common.cache.LocalCache$EntryFactory$3                               : loaded 2 times (x 79B)
Class com.google.common.base.Ticker$1                                                 : loaded 2 times (x 68B)
Class com.google.common.collect.ImmutableMapEntrySet$RegularEntrySet                  : loaded 2 times (x 147B)
Class com.google.common.collect.Maps$BiMapConverter                                   : loaded 2 times (x 86B)
Class com.google.common.cache.LocalCache$EntryFactory$4                               : loaded 2 times (x 79B)
Class com.google.common.collect.ImmutableSet$Builder                                  : loaded 2 times (x 81B)
Class com.google.common.base.CharMatcher$InRange                                      : loaded 2 times (x 107B)
Class com.google.common.io.ByteStreams$1                                              : loaded 2 times (x 81B)
Class com.google.common.cache.LocalCache$EntryFactory$5                               : loaded 2 times (x 79B)
Class com.google.common.base.PairwiseEquivalence                                      : loaded 2 times (x 79B)
Class com.google.common.cache.LocalCache$EntryFactory$6                               : loaded 2 times (x 79B)
Class org.gradle.internal.installation.CurrentGradleInstallationLocator               : loaded 2 times (x 67B)
Class com.google.common.io.ByteSource$SlicedByteSource                                : loaded 2 times (x 81B)
Class com.google.common.collect.Maps$KeySet                                           : loaded 2 times (x 133B)
Class com.google.common.cache.LocalCache$EntryFactory$7                               : loaded 2 times (x 79B)
Class com.google.common.collect.ImmutableSet$EmptySetBuilderImpl                      : loaded 2 times (x 72B)
Class com.google.common.collect.ImmutableList                                         : loaded 2 times (x 202B)
Class org.gradle.internal.service.DefaultServiceLocator                               : loaded 2 times (x 79B)
Class com.google.common.collect.Maps$EntrySet                                         : loaded 2 times (x 132B)
Class com.google.common.cache.LocalCache$EntryFactory$8                               : loaded 2 times (x 79B)
Class com.google.common.collect.ImmutableSet$SetBuilderImpl                           : loaded 2 times (x 72B)
Class org.gradle.internal.installation.CurrentGradleInstallation                      : loaded 2 times (x 69B)
Class com.google.common.cache.CacheLoader$1                                           : loaded 2 times (x 71B)
Class com.google.common.collect.ForwardingObject                                      : loaded 2 times (x 68B)
Class com.google.common.collect.ImmutableList$SubList                                 : loaded 2 times (x 204B)
Class org.gradle.util.internal.GUtil                                                  : loaded 2 times (x 67B)
Class com.google.common.io.ByteSource                                                 : loaded 2 times (x 80B)
Class com.google.common.util.concurrent.AbstractFuture$SetFuture                      : loaded 2 times (x 71B)
Class com.google.common.cache.AbstractCache$StatsCounter                              : loaded 2 times (x 66B)
Class com.google.common.reflect.Types$TypeVariableImpl                                : loaded 2 times (x 68B)
Class com.google.common.collect.Iterators$MergingIterator                             : loaded 2 times (x 77B)
Class com.google.common.collect.RegularImmutableSet                                   : loaded 2 times (x 144B)
Class org.gradle.internal.installation.GradleInstallation                             : loaded 2 times (x 71B)
Class com.google.common.collect.Iterables                                             : loaded 2 times (x 67B)
Class com.google.common.base.Splitter$Strategy                                        : loaded 2 times (x 66B)

---------------  S Y S T E M  ---------------

OS:
 Windows 11 , 64 bit Build 22621 (10.0.22621.4974)
OS uptime: 35 days 4:25 hours
Hyper-V role detected

CPU: total 12 (initial active 12) (12 cores per cpu, 2 threads per core) family 25 model 80 stepping 0 microcode 0x0, cx8, cmov, fxsr, ht, mmx, 3dnowpref, sse, sse2, sse3, ssse3, sse4a, sse4.1, sse4.2, popcnt, lzcnt, tsc, tscinvbit, avx, avx2, aes, erms, clmul, bmi1, bmi2, adx, sha, fma, vzeroupper, clflush, clflushopt, hv, rdtscp, rdpid, fsrm, f16c, cet_ss
Processor Information for processor 0
  Max Mhz: 3301, Current Mhz: 2011, Mhz Limit: 3301
Processor Information for processor 1
  Max Mhz: 3301, Current Mhz: 3301, Mhz Limit: 3301
Processor Information for processor 2
  Max Mhz: 3301, Current Mhz: 3301, Mhz Limit: 3301
Processor Information for processor 3
  Max Mhz: 3301, Current Mhz: 2011, Mhz Limit: 3301
Processor Information for processor 4
  Max Mhz: 3301, Current Mhz: 2011, Mhz Limit: 3301
Processor Information for processor 5
  Max Mhz: 3301, Current Mhz: 2011, Mhz Limit: 3301
Processor Information for processor 6
  Max Mhz: 3301, Current Mhz: 3301, Mhz Limit: 3301
Processor Information for processor 7
  Max Mhz: 3301, Current Mhz: 2011, Mhz Limit: 3301
Processor Information for processor 8
  Max Mhz: 3301, Current Mhz: 2011, Mhz Limit: 3301
Processor Information for processor 9
  Max Mhz: 3301, Current Mhz: 2011, Mhz Limit: 3301
Processor Information for processor 10
  Max Mhz: 3301, Current Mhz: 2011, Mhz Limit: 3301
Processor Information for processor 11
  Max Mhz: 3301, Current Mhz: 3301, Mhz Limit: 3301

Memory: 4k page, system-wide physical 6006M (1217M free)
TotalPageFile size 24438M (AvailPageFile size 4583M)
current process WorkingSet (physical memory assigned to process): 345M, peak: 841M
current process commit charge ("private bytes"): 985M, peak: 1006M

vm_info: OpenJDK 64-Bit Server VM (21.0.6+-13355223-b631.42) for windows-amd64 JRE (21.0.6+-13355223-b631.42), built on 2025-04-14T18:21:23Z by "builder" with MS VC++ 16.10 / 16.11 (VS2019)

END.
